source_name,mean_bias,total_story_count,source_bias,topic_story_count,source_lon,source_lat,source_owners,surprising_dist,unsurprising_dist
+972 Magazine,-1.6,703,-1,15,,,,"[1, 0, 0, 0, 0]","[11, 2, 0, 0, 1]"
-   South Asian Daily where south asians meet daily,0.8461538461538463,1628,0,13,,,,"[0, 2, 1, 0, 1]","[0, 1, 1, 2, 5]"
1010 WCSI,1.1739130434782608,5544,0,69,,,,"[1, 0, 3, 0, 7]","[4, 3, 11, 0, 40]"
1330 & 95.5 WFIN,1.3851851851851853,8779,0,135,,,,"[0, 2, 5, 0, 12]","[5, 6, 14, 1, 90]"
2 News KTVN,-0.7142857142857142,1780,0,14,,,,"[0, 3, 0, 0, 0]","[0, 9, 0, 2, 0]"
5Pillars,-1.4827586206896552,311,0,29,,,,"[4, 3, 0, 0, 0]","[12, 9, 0, 1, 0]"
7NEWS Australia,-0.09090909090909083,64719,1,22,134.456877,-24.588375,Kerry Stokes,"[1, 4, 0, 2, 1]","[0, 7, 2, 3, 2]"
8pmnews.com,1.076923076923077,4594,0,39,,,,"[0, 1, 0, 1, 5]","[2, 6, 1, 4, 19]"
97.5 Y Country,0.25,5134,0,36,,,,"[0, 1, 7, 1, 0]","[0, 5, 13, 4, 5]"
9NEWS Denver,-0.34615384615384626,44755,0,26,-104.980732,39.722616,"Tegna Inc., Tegna Inc","[0, 8, 1, 0, 1]","[0, 10, 2, 1, 3]"
9News,-0.23456790123456783,50767,1,81,131.702059,-21.121822,,"[2, 14, 0, 2, 9]","[4, 33, 4, 6, 7]"
ABC Australia,-0.31775700934579443,207690,-1,107,137.067507,-23.437472,Australian Government,"[3, 9, 0, 0, 7]","[9, 53, 3, 8, 15]"
ABC57,0.22727272727272707,3715,-1,22,,,Weigel Broadcasting,"[1, 1, 2, 0, 1]","[1, 2, 9, 0, 5]"
AIJAC,1.1176470588235294,204,0,17,,,,"[0, 0, 0, 0, 3]","[2, 2, 0, 1, 9]"
ARY News,-0.3846153846153846,48005,0,78,70.269915,30.949749,,"[2, 9, 1, 1, 5]","[5, 36, 8, 4, 7]"
ATN,-0.9473684210526316,2549,0,57,69.207642,34.555244,"Privately held company, Ariana Television Network","[3, 11, 1, 0, 1]","[4, 34, 1, 1, 1]"
Activist Post,-0.5263157894736843,1648,2,19,,,,"[3, 0, 0, 0, 2]","[9, 0, 0, 0, 5]"
Africa News,-0.894736842105263,33696,-1,57,11.871697,-4.767478,European Broadcasting Union,"[0, 9, 2, 0, 0]","[7, 30, 7, 2, 0]"
Al Arabiya,-0.2325581395348837,51820,1,43,45.006959,23.476507,Middle East News FZ LLC,"[0, 4, 1, 1, 1]","[3, 19, 4, 4, 6]"
Al Jazeera,-0.9716981132075471,106454,-1,424,51.200195,25.341522,Qatar,"[16, 19, 3, 1, 6]","[141, 169, 29, 3, 37]"
Al-Monitor,-0.5196374622356494,31390,-1,331,-77.043709,38.900434,Jamal Daniel,"[3, 21, 1, 6, 11]","[25, 198, 20, 17, 29]"
Aletho News,-1.7128712871287128,1999,0,101,,,,"[8, 1, 0, 0, 0]","[82, 4, 0, 0, 6]"
All Israel News,1.5,209,2,14,,,,"[0, 0, 0, 0, 1]","[1, 1, 0, 0, 11]"
America First Report,1.789473684210526,3863,2,38,,,,"[0, 0, 0, 0, 4]","[0, 2, 1, 0, 31]"
American Faith,1.4444444444444446,7998,0,54,,,,"[1, 1, 0, 1, 7]","[1, 5, 0, 3, 35]"
American Israelite,1.740740740740741,153,0,27,-84.514036,39.099297,,"[0, 0, 0, 1, 2]","[0, 2, 0, 0, 22]"
American Military News,1.736842105263158,8883,1,19,,,,"[0, 0, 0, 1, 7]","[0, 1, 0, 1, 9]"
American Wire News,1.6363636363636362,5912,2,22,,,,"[0, 0, 0, 0, 4]","[2, 0, 0, 0, 16]"
Anadolu Ajansı,-1.273015873015873,123837,2,945,32.697374,39.777062,Government of Turkey,"[26, 21, 2, 1, 5]","[502, 262, 54, 19, 53]"
Antiwar.com,-1.2894736842105263,6190,1,76,,,,"[11, 1, 0, 0, 3]","[39, 15, 1, 0, 6]"
Arab American News,-1.2777777777777777,198,0,18,,,,"[0, 1, 0, 0, 0]","[9, 6, 1, 0, 1]"
Arab News,-1.0,117786,1,139,46.7122,24.674035,Saudi Research and Media Group,"[2, 18, 0, 1, 1]","[10, 104, 1, 0, 2]"
Archy Worldys,0.0,7997,0,42,,,,"[1, 1, 1, 0, 1]","[9, 6, 9, 3, 11]"
Arutz Sheva,1.3783783783783785,30419,1,37,35.07542,31.088982,"Beit El yeshiva, HolyLand Holdings Ltd","[0, 0, 0, 0, 2]","[1, 3, 3, 4, 24]"
Asharq AL-awsat,0.04347826086956541,5290,1,23,46.715098,24.704354,Saudi Research and Marketing Group,"[0, 1, 0, 0, 0]","[0, 11, 4, 1, 6]"
Asia Times,-0.3600000000000001,17630,-1,25,114.092117,22.376947,,"[1, 2, 0, 0, 2]","[0, 15, 2, 0, 3]"
Asiafreepress,-1.2727272727272727,409,0,11,,,,"[0, 2, 0, 0, 0]","[5, 2, 2, 0, 0]"
Asian News,-0.34444444444444455,6604,0,90,,,,"[2, 7, 4, 0, 3]","[6, 32, 24, 6, 6]"
Associated Press News,-0.5680473372781065,471768,-1,338,-94.708464,37.30026,Independent Media,"[2, 30, 5, 0, 9]","[5, 216, 41, 10, 20]"
Atlantic Council,-0.7647058823529411,2983,1,17,-77.035159,38.907684,Frederick Kempe,"[1, 2, 0, 0, 0]","[1, 11, 0, 0, 2]"
Australian Financial Review,0.4473684210526314,15385,1,38,151.217199,-33.863712,Nine Entertainment Co.,"[0, 2, 2, 1, 4]","[0, 14, 2, 2, 11]"
Australian National Review,1.0,6308,0,61,,,,"[1, 3, 0, 1, 6]","[5, 9, 0, 0, 36]"
BARE NAKED ISLAM,2.0,760,2,19,,,,"[0, 0, 0, 0, 2]","[0, 0, 0, 0, 17]"
BBC News,-0.431111111111111,912501,0,225,-1.79857,52.449128,Government of the United Kingdom,"[2, 24, 1, 0, 5]","[10, 113, 30, 26, 14]"
BERNAMA,-0.75,5242,0,12,,,,"[0, 1, 0, 0, 1]","[4, 4, 1, 0, 1]"
Banbury FM,-0.2727272727272727,2814,0,22,,,,"[0, 5, 1, 1, 2]","[1, 8, 1, 2, 1]"
Bangkok Post,-0.2906976744186047,110127,1,86,100.51635,13.790268,Stock Exchange of Thailand,"[1, 10, 1, 2, 6]","[5, 39, 8, 6, 8]"
Barrie 360,-0.8500000000000001,11423,0,20,,,,"[0, 10, 0, 1, 0]","[0, 8, 1, 0, 0]"
Barrie Today,-0.6125,78661,-1,80,-79.679061,44.393368,,"[1, 17, 2, 2, 4]","[1, 43, 7, 1, 2]"
Barron's,0.14814814814814836,19516,0,54,-74.004939,40.701489,Murdoch family,"[0, 5, 3, 3, 2]","[0, 8, 23, 6, 4]"
Battlefords NOW,-0.47457627118644075,34997,0,59,,,,"[1, 7, 3, 3, 2]","[1, 30, 9, 0, 3]"
Benzinga,0.4117647058823528,196851,0,17,-74.033243,40.712714,,"[0, 1, 1, 0, 4]","[0, 7, 0, 1, 3]"
Bible Prophecy In The Daily Headlines,1.481171548117155,8989,0,478,,,,"[4, 1, 0, 0, 30]","[51, 7, 2, 0, 383]"
Bloomberg,0.23076923076923084,128817,-1,91,-95.796076,36.992332,"Michael Bloomberg, The Vanguard Group, Howard Buffett, BlackRock","[0, 8, 9, 2, 6]","[3, 17, 22, 10, 14]"
Blue Water Healthy Living,-0.679245283018868,19284,0,159,-82.424547,42.970308,,"[1, 22, 0, 1, 3]","[3, 103, 15, 4, 7]"
Boston Globe,-0.9090909090909092,28282,-1,11,-71.076494,42.365282,John W. Henry,"[1, 4, 0, 0, 1]","[1, 4, 0, 0, 0]"
Boston Herald,-0.5,91407,1,84,-71.052166,42.361057,Alden Global Capital,"[1, 20, 2, 0, 3]","[2, 40, 6, 2, 8]"
Bowen Island Undercurrent,-0.6799999999999999,23747,-1,75,,,Glacier Media,"[2, 12, 0, 1, 2]","[1, 46, 6, 2, 3]"
Bradford Today,-0.6666666666666667,75294,0,78,-79.561862,44.111457,,"[1, 16, 2, 2, 3]","[1, 44, 7, 0, 2]"
Brant.One,0.11764705882352944,813,0,17,,,,"[1, 0, 0, 0, 1]","[2, 5, 2, 1, 5]"
Brave New Europe,-0.71875,1275,0,32,,,,"[3, 1, 0, 0, 3]","[18, 0, 0, 0, 7]"
Breaking News,-0.6341463414634145,22061,-1,41,-8.688424,53.243955,,"[1, 11, 1, 0, 2]","[2, 20, 0, 1, 3]"
BreezyScroll,0.2941176470588234,3453,0,17,,,,"[0, 1, 0, 0, 0]","[1, 5, 2, 3, 5]"
Breitbart,1.465811965811966,165593,2,234,-93.746661,35.269276,"Larry Solov, Robert Mercer","[2, 2, 0, 0, 30]","[11, 19, 3, 4, 163]"
Brussels Morning Online Newspaper,-0.40740740740740744,3180,0,27,,,,"[1, 2, 0, 0, 0]","[1, 16, 0, 3, 4]"
Business Insider,0.22222222222222232,120844,-1,18,-93.659009,37.352203,KKR,"[0, 3, 1, 1, 0]","[0, 4, 2, 4, 3]"
Business Live,-0.20547945205479445,36282,1,73,28.046449,-26.20546,,"[1, 10, 0, 0, 5]","[5, 30, 6, 5, 11]"
Business Recorder,-0.7710843373493976,30100,0,83,,,Business Recorder,"[1, 11, 1, 1, 3]","[13, 43, 4, 1, 5]"
Business Times,0.06060606060606055,11175,0,33,,,,"[0, 3, 0, 0, 1]","[1, 11, 8, 2, 7]"
CAMERA UK,1.3076923076923075,1695,0,13,,,,"[0, 0, 0, 0, 0]","[1, 1, 1, 0, 10]"
CBC Barbados,-0.19999999999999996,2469,0,20,,,,"[1, 2, 1, 3, 1]","[3, 5, 0, 2, 2]"
CBC News,-0.7064220183486238,488465,-1,109,-108.378064,56.776486,Government of Canada,"[4, 18, 1, 0, 6]","[7, 59, 6, 6, 2]"
CBN,1.8039215686274508,17689,2,51,-77.031553,38.91398," Christian Broadcasting System,","[0, 1, 0, 0, 9]","[1, 0, 0, 3, 37]"
CBS News,-0.2043795620437956,201221,-1,137,,,"National Amusements, Michael Redstone","[1, 18, 3, 4, 3]","[2, 59, 21, 7, 19]"
CDE News,0.1960784313725492,6472,0,51,,,,"[0, 6, 0, 1, 6]","[1, 20, 3, 3, 11]"
CFJC Today Kamloops,-0.55,22542,0,60,,,,"[1, 10, 3, 4, 2]","[1, 29, 8, 2, 0]"
CGTN,-0.19672131147540983,40974,-1,61,116.41871,39.930274,Chinese Communist Party,"[0, 10, 1, 2, 2]","[2, 21, 10, 9, 4]"
CLG News,0.9411764705882355,880,-1,17,,,,"[0, 0, 1, 0, 3]","[1, 3, 1, 1, 7]"
CNBC,-0.11111111111111116,211428,0,36,-95.319734,39.167857,Roberts family,"[0, 9, 0, 1, 2]","[0, 15, 1, 1, 7]"
CNN,-0.15596330275229353,331969,-1,218,-84.381535,33.74468,Warner Bros. Discovery,"[3, 22, 7, 0, 6]","[14, 87, 23, 15, 41]"
COLlive,1.65625,1984,0,32,,,,"[0, 1, 0, 0, 5]","[0, 0, 3, 2, 21]"
CTV News,-0.24528301886792447,542422,0,106,-107.78909,56.081144,Bell Media,"[3, 7, 12, 1, 6]","[4, 29, 38, 1, 5]"
Caledonia Courier,-0.9166666666666667,13269,-1,12,,,,"[2, 5, 0, 0, 0]","[0, 4, 0, 0, 1]"
CambridgeToday.ca,-0.6395348837209303,10601,0,86,,,,"[1, 19, 2, 1, 4]","[0, 47, 9, 2, 1]"
Capital FM Kenya,0.3333333333333335,27874,0,24,36.806943,-1.280838,Chris Kirubi,"[0, 4, 0, 0, 3]","[1, 5, 4, 1, 6]"
Catholic Canada,0.07142857142857162,2750,0,14,,,,"[0, 1, 2, 0, 0]","[0, 4, 4, 0, 3]"
Catholic News Agency,-0.3999999999999999,4011,2,15,,,,"[0, 1, 0, 0, 0]","[0, 10, 1, 1, 2]"
Catholic Review,-1.0769230769230769,1708,0,13,,,,"[0, 1, 0, 0, 0]","[5, 5, 1, 0, 1]"
CatholicVote org,-0.2727272727272727,1645,0,11,,,,"[1, 0, 0, 0, 1]","[0, 7, 0, 0, 2]"
Channel 4,-0.6724137931034482,15497,-1,58,-0.137822,51.490004,Government of the United Kingdom,"[4, 6, 2, 2, 1]","[9, 20, 9, 1, 4]"
Channel News Asia,-0.8155339805825244,218637,0,206,103.824987,1.352116,Government of Singapore,"[11, 8, 2, 1, 7]","[59, 78, 14, 9, 17]"
Chek news,-1.0,18040,0,11,-123.364876,48.427166,,"[0, 4, 0, 0, 0]","[0, 7, 0, 0, 0]"
Chicago Sun Times,-0.46153846153846145,71452,-1,13,-87.608196,41.876405,,"[1, 5, 0, 0, 1]","[1, 3, 0, 0, 2]"
Chicago Tribune,-0.8767123287671232,96026,0,73,-87.64785,41.880259,Alden Global Capital,"[1, 20, 0, 1, 1]","[2, 44, 2, 1, 1]"
City News,-0.6071428571428572,40477,0,28,-79.411313,43.680893,Rogers Communications,"[0, 7, 0, 0, 2]","[2, 12, 4, 0, 1]"
Ckpg Today,-0.5454545454545454,36607,0,55,-122.747047,53.915234,,"[1, 9, 2, 1, 3]","[1, 26, 10, 2, 0]"
Clarion India,-1.329896907216495,2940,0,97,,,,"[12, 5, 0, 1, 2]","[48, 22, 0, 1, 6]"
Cleveland,-0.7083333333333333,20082,0,24,-81.707226,41.481563,,"[1, 4, 0, 0, 0]","[1, 15, 0, 0, 3]"
Coast Reporter,-0.5890410958904109,126995,-1,73,-123.743239,49.475115,Glacier Media,"[1, 15, 1, 0, 4]","[0, 42, 5, 2, 3]"
Collingwood Today,-0.6428571428571428,64946,0,84,-80.21485,44.502139,,"[1, 19, 1, 1, 6]","[0, 47, 8, 1, 0]"
Colorado Springs Gazette,-0.375,21714,1,16,,,Philip Anschutz,"[1, 0, 2, 0, 0]","[1, 4, 7, 0, 1]"
Commentary Magazine,1.8666666666666667,548,2,15,,,,"[0, 0, 1, 0, 1]","[0, 0, 0, 0, 13]"
Common Dreams,-1.9285714285714286,34485,-2,42,-95.203788,37.341848,Independent Media,"[7, 1, 0, 0, 0]","[32, 2, 0, 0, 0]"
Conservative Angle,1.990990990990991,8436,0,222,,,,"[0, 0, 0, 0, 18]","[0, 0, 1, 0, 203]"
Conservative Journal Review,1.6428571428571428,2076,0,14,,,,"[0, 1, 0, 0, 2]","[0, 0, 1, 0, 10]"
Conservative Playlist,1.7058823529411766,1356,2,17,,,,"[0, 0, 0, 0, 5]","[0, 1, 1, 0, 10]"
"CrownHeights.info - Chabad News, Crown Heights News, Lubavitch News",1.4814814814814814,1188,0,54,,,,"[0, 0, 0, 3, 5]","[0, 0, 11, 3, 32]"
DNyuz,-0.2803030303030303,21762,1,264,,,,"[7, 20, 1, 0, 13]","[22, 129, 13, 11, 48]"
Daily Expert News,0.125,10645,0,104,,,,"[1, 5, 2, 1, 11]","[12, 33, 7, 10, 22]"
Daily Express,0.5,463512,2,68,-1.902493,52.414201,Reach plc,"[0, 4, 1, 0, 8]","[1, 22, 6, 6, 20]"
Daily Finland,-0.36363636363636354,24956,0,99,24.937555,60.168729,,"[2, 8, 2, 1, 4]","[4, 43, 25, 2, 8]"
Daily Kos,-0.09090909090909083,43359,-2,11,-97.257628,37.408804,Markos Moulitsas,"[3, 1, 0, 0, 3]","[2, 0, 0, 0, 2]"
Daily Lead Pakistan,-0.8823529411764706,6205,0,17,,,,"[0, 1, 0, 0, 0]","[3, 9, 3, 1, 0]"
Daily Mirror,-0.17721518987341778,465259,-1,79,-0.138122,51.510118,Reach plc,"[4, 7, 0, 4, 3]","[7, 25, 11, 6, 12]"
Daily News Egypt,-1.2131147540983607,11391,0,61,31.226074,27.673759,,"[2, 3, 0, 0, 0]","[28, 20, 2, 3, 3]"
Daily News Update,0.5975609756097562,6200,0,82,,,,"[1, 6, 0, 0, 6]","[9, 13, 8, 2, 37]"
Daily Post Nigeria,0.6338028169014085,111063,0,71,8.366611,8.828219,Independent business,"[0, 4, 1, 1, 7]","[2, 15, 12, 5, 24]"
Daily Record,-0.3571428571428572,138735,-2,14,-4.252017,55.868058,Reach plc,"[1, 1, 2, 0, 1]","[2, 2, 4, 0, 1]"
Daily Sabah,-1.2526315789473683,24993,2,190,34.319921,39.437328,Turkuvaz Media Group,"[11, 8, 0, 0, 4]","[88, 58, 11, 2, 8]"
Daily Telegraph NZ,0.0344827586206895,2454,0,29,,,,"[0, 2, 1, 1, 3]","[1, 12, 4, 0, 5]"
Daily Trust,-0.2142857142857142,31326,-1,28,,,,"[1, 3, 1, 1, 2]","[2, 9, 5, 1, 3]"
Daily US Times,-0.7096774193548387,3780,0,31,,,,"[1, 6, 0, 2, 1]","[2, 15, 3, 1, 0]"
Dawn,-0.6416666666666666,81509,-1,120,70.397764,31.104679,Dawn Media Group,"[4, 11, 1, 0, 7]","[17, 65, 1, 1, 13]"
Day News TV,-0.9375,2555,0,80,,,,"[4, 6, 1, 0, 1]","[28, 27, 2, 2, 9]"
Deadline,-0.2666666666666666,126695,-1,15,-118.243904,34.052311,Penske Media Corporation,"[1, 1, 0, 0, 0]","[0, 6, 4, 1, 2]"
Deccan Herald,0.2142857142857144,36422,-1,14,75.285651,15.595914,,"[0, 0, 0, 0, 2]","[3, 3, 0, 4, 2]"
Defend Jerusalem,2.0,88,0,32,,,,"[0, 0, 0, 0, 2]","[0, 0, 0, 0, 30]"
Delta Daily News,0.08695652173913038,2538,0,46,,,,"[2, 4, 1, 4, 5]","[1, 16, 2, 6, 5]"
Democracy Now!,-1.4428571428571428,7133,-2,70,-74.042693,40.712965,Independent ,"[8, 2, 0, 0, 2]","[46, 5, 2, 0, 5]"
Deutsche Welle,-0.28828828828828823,88738,0,111,7.095381,50.747881,Cabinet of Germany,"[2, 16, 1, 2, 11]","[5, 52, 4, 10, 8]"
Devdiscourse,-0.22466960352422904,83622,0,227,79.765447,19.337038,,"[0, 22, 6, 5, 8]","[4, 106, 39, 10, 27]"
Dr. Rich Swier,1.7708333333333335,1439,0,48,,,,"[0, 0, 0, 0, 3]","[2, 1, 0, 0, 42]"
EADaily,-0.050000000000000044,7894,0,20,,,,"[0, 3, 1, 0, 1]","[1, 7, 2, 1, 4]"
"EMEA Tribune, Breaking News, World News, Latest News, Top Headlines",-0.6153846153846154,7127,0,143,,,,"[6, 2, 6, 0, 3]","[37, 43, 27, 1, 18]"
EURACTIV,-0.56,36817,-1,25,4.34963,50.848943,Mediahuis,"[0, 4, 0, 1, 1]","[1, 15, 1, 0, 2]"
EURO-NEWS,0.43478260869565233,6177,0,23,,,,"[0, 1, 0, 0, 1]","[0, 4, 10, 1, 6]"
Egypt Independent,-0.29756097560975614,40266,0,205,31.240139,30.044364,Al-Masry Media Corporation,"[1, 12, 0, 0, 8]","[20, 101, 18, 12, 33]"
Egyptian Gazette,-0.728813559322034,7485,0,59,,,,"[1, 4, 2, 0, 2]","[8, 27, 14, 0, 1]"
Egyptian Streets,-0.7352941176470589,6257,-1,34,30.811171,26.856367,,"[4, 6, 0, 0, 0]","[4, 12, 3, 1, 4]"
El Pais,-0.6666666666666667,98707,-1,12,-4.607314,41.304201,PRISA,"[0, 0, 0, 0, 2]","[5, 4, 0, 0, 1]"
ElliotLakeToday.com,-0.6024096385542168,11619,0,83,,,,"[1, 20, 2, 1, 5]","[0, 43, 9, 0, 2]"
Elora Fergus Today,-0.5777777777777777,63417,0,90,,,,"[1, 20, 0, 3, 4]","[0, 49, 8, 2, 3]"
Emirates24|7,-0.5294117647058822,12941,1,17,55.485946,25.019524,,"[1, 2, 0, 0, 0]","[2, 3, 7, 2, 0]"
End Time Headlines,1.0,2198,1,25,,,,"[0, 2, 1, 0, 5]","[2, 2, 1, 1, 11]"
Eurasia,-0.3125,531,0,16,,,,"[1, 1, 0, 0, 0]","[3, 6, 0, 0, 5]"
Euronews,-0.47560975609756095,51418,-1,82,0.904904,46.146072,European Broadcasting Union,"[4, 12, 1, 2, 3]","[3, 40, 5, 5, 7]"
Europe Says,-0.15068493150684925,39368,0,73,,,,"[0, 8, 1, 1, 1]","[11, 23, 7, 3, 18]"
European Jewish Congress,0.9411764705882355,663,0,17,,,,"[0, 1, 0, 0, 0]","[0, 3, 3, 0, 10]"
Evening Standard,-0.32307692307692304,179497,1,65,-0.137318,51.487674,"Evgeny Lebedev, Alfred Harmsworth (barrister), Geraldine Mary Harmsworth, Patricia Harmsworth, Viscountess Rothermere, Carron Greig","[0, 12, 2, 0, 5]","[8, 22, 4, 5, 7]"
Everett Post,-0.030303030303030276,2773,0,33,,,,"[1, 4, 0, 3, 2]","[1, 13, 0, 5, 4]"
Express US,-0.35526315789473695,12503,0,76,,,,"[0, 15, 0, 0, 4]","[9, 31, 1, 3, 13]"
FDD's Long War Journal,1.576923076923077,316,1,26,,,,"[0, 0, 0, 1, 3]","[1, 2, 0, 0, 19]"
FOX 28 Spokane,-0.22399999999999998,7590,0,125,,,,"[1, 10, 9, 1, 9]","[9, 35, 39, 6, 6]"
Fiji Broadcasting Corporation,-0.34883720930232553,5097,0,43,,,Politics of Fiji,"[1, 3, 2, 0, 3]","[1, 21, 7, 3, 2]"
FijiTimes,-0.46153846153846145,16861,0,26,,,,"[1, 1, 0, 0, 1]","[2, 14, 2, 3, 2]"
Financial Post,0.25,158701,1,12,-101.076646,56.66572,"Leon Cooperman, Allianz","[0, 0, 0, 1, 0]","[0, 5, 1, 3, 2]"
Financial Times,0.15533980582524265,35628,0,103,-0.147215,51.485761,Nikkei Inc.,"[1, 6, 10, 2, 6]","[2, 24, 29, 8, 15]"
Firstpost News,0.15760869565217384,50889,1,368,72.883921,19.091592,Mukesh Ambani,"[0, 20, 0, 6, 20]","[17, 162, 17, 24, 102]"
Flin Flon Reminder,-0.5774647887323943,122648,-1,71,-101.882227,54.765733,,"[1, 15, 1, 2, 3]","[0, 36, 10, 2, 1]"
Floridian Press,1.6,1533,0,15,,,,"[0, 1, 0, 0, 3]","[0, 1, 0, 0, 10]"
Foreign Policy,-0.7647058823529411,5124,0,34,-95.197086,34.695116,The Slate Group,"[1, 6, 0, 0, 0]","[5, 17, 0, 1, 4]"
Fort Smith/Fayetteville News,-0.4285714285714286,9838,0,14,-94.417282,35.386659,Tegna Inc.,"[0, 5, 0, 0, 1]","[0, 6, 0, 1, 1]"
Fortune,-0.06666666666666665,50117,0,15,-73.968167,40.709268,Chatchaval Jiaravanon,"[0, 1, 0, 0, 2]","[2, 4, 4, 0, 2]"
Fox News,1.6680000000000001,432677,2,250,-74.002351,40.708805,"Murdoch family, Rupert Murdoch","[0, 3, 0, 1, 32]","[8, 9, 4, 6, 187]"
France24,-0.4178571428571429,72011,0,280,2.278753,46.399127,Government of France,"[3, 21, 7, 4, 10]","[14, 143, 40, 19, 19]"
Freedom Online,0.0588235294117645,3613,0,17,,,,"[0, 2, 1, 0, 2]","[0, 5, 5, 0, 2]"
Fresh Headline,0.0,314,0,13,,,,"[0, 0, 0, 1, 1]","[1, 7, 0, 0, 3]"
Frontpage Mag,2.0,1952,2,50,,,,"[0, 0, 0, 0, 4]","[0, 0, 0, 0, 46]"
GB News,0.8727272727272726,58580,2,55,-0.114758,51.504133,,"[0, 1, 2, 1, 7]","[4, 8, 5, 4, 23]"
GMA Filipino News,-0.5,96167,-1,74,121.046366,14.687393,GMA Network (company),"[1, 12, 0, 1, 4]","[5, 35, 8, 3, 5]"
GV Wire,-0.7894736842105263,4362,0,57,,,,"[2, 10, 0, 0, 0]","[2, 36, 2, 1, 4]"
GZERO Media,-0.3421052631578947,1758,-1,38,,,,"[2, 6, 0, 0, 1]","[4, 14, 1, 3, 7]"
Gatestone Institute,1.8333333333333335,826,2,24,,,,"[0, 0, 0, 0, 1]","[1, 0, 0, 0, 22]"
Geller Report,1.7857142857142856,5417,2,84,,,,"[1, 0, 0, 0, 9]","[2, 2, 0, 0, 70]"
Gephardt Daily,-0.33333333333333326,1404,0,12,,,,"[0, 6, 0, 1, 1]","[0, 2, 1, 1, 0]"
Global Defense Corp,0.15384615384615374,891,0,13,,,,"[0, 3, 0, 0, 2]","[0, 5, 0, 0, 3]"
Global Diaspora News,-1.0208333333333335,5061,0,48,,,,"[1, 1, 1, 0, 0]","[5, 37, 2, 1, 0]"
Global Happenings,0.4285714285714284,5015,0,84,,,,"[1, 2, 1, 0, 8]","[7, 28, 2, 4, 31]"
Global News,-0.5769230769230769,375095,-1,52,-79.371632,43.66396,Corus Entertainment,"[0, 13, 0, 0, 5]","[3, 26, 2, 1, 2]"
Global Upfront Newspapers,0.125,1752,0,16,,,,"[1, 0, 0, 0, 4]","[3, 4, 1, 0, 3]"
Globes,0.7142857142857144,5791,0,35,,,,"[0, 1, 0, 0, 3]","[0, 5, 12, 3, 11]"
Goa Chronicle,0.5555555555555554,1822,0,27,,,,"[0, 1, 2, 0, 4]","[0, 8, 4, 0, 8]"
Greater Kashmir,-0.41176470588235303,8615,0,34,,,,"[0, 8, 2, 0, 0]","[1, 15, 2, 1, 5]"
Greek Reporter,-0.125,6326,2,16,,,,"[0, 2, 1, 0, 1]","[0, 7, 2, 1, 2]"
Haaretz,-1.8967032967032966,140561,-2,910,34.7795,32.081769,"Salman Schocken, M. DuMont Schauberg, Leonid Nevzlin","[46, 2, 0, 1, 0]","[825, 12, 5, 9, 10]"
Hartford Courant,-0.5454545454545454,9802,0,11,-72.666252,41.762702,Alden Global Capital,"[0, 2, 1, 1, 0]","[1, 5, 0, 0, 1]"
Hawaii Tribune-Herald,-0.38297872340425543,22612,0,47,,,"Torstar, David Black","[0, 5, 0, 1, 4]","[3, 26, 2, 2, 4]"
Heritage Florida Jewish News,2.0,3428,0,11,,,,"[0, 0, 0, 0, 0]","[0, 0, 0, 0, 11]"
Hindustan Times,0.006688963210702337,401788,-1,299,77.226041,28.611511,HT Media,"[1, 24, 7, 0, 14]","[15, 125, 28, 15, 70]"
HonestReporting,2.0,773,1,22,,,,"[0, 0, 0, 0, 4]","[0, 0, 0, 0, 18]"
Hot Air,1.2777777777777777,38535,1,54,-77.097002,38.88103,Salem Media Group,"[1, 0, 0, 0, 5]","[7, 2, 0, 1, 38]"
Houston Today,-0.8181818181818181,13738,-1,11,,,,"[1, 5, 0, 0, 0]","[0, 4, 0, 0, 1]"
HuffPost,-0.9456521739130435,128771,-2,92,-94.313703,36.947621,"Roberts family, Verizon Communications","[2, 19, 1, 1, 2]","[7, 58, 0, 1, 1]"
IBTimes Australia,-0.27956989247311825,27979,0,93,130.091271,-22.560157,IBT Media,"[1, 9, 0, 1, 8]","[3, 52, 3, 6, 10]"
IFP News,-1.1449814126394053,13513,0,269,52.954059,33.19198,,"[18, 11, 1, 0, 2]","[120, 79, 9, 4, 25]"
IOL,-0.5373134328358209,156878,0,67,22.539925,-31.169548,Sekunjalo Investments,"[2, 7, 1, 0, 4]","[10, 27, 8, 2, 6]"
If Americans Knew Blog,-1.5849056603773586,468,0,53,,,,"[5, 0, 0, 0, 0]","[38, 6, 0, 0, 4]"
Independent Sentinel,1.7333333333333334,2673,2,15,,,,"[0, 0, 0, 0, 3]","[1, 0, 0, 0, 11]"
India Daily Mail,-0.46341463414634143,7406,0,41,,,,"[0, 6, 0, 1, 2]","[4, 20, 2, 2, 4]"
India Narrative,1.7999999999999998,4330,0,35,,,,"[0, 0, 0, 0, 10]","[0, 1, 0, 4, 20]"
India TV News,0.3380281690140845,51110,1,71,78.422362,21.512166,Rajat Sharma,"[0, 7, 2, 3, 8]","[3, 21, 6, 3, 18]"
India Today,0.11111111111111116,117592,1,81,76.680167,21.409081,Living Media,"[0, 6, 1, 1, 6]","[4, 31, 9, 5, 18]"
Indian Express,0.3157894736842106,171834,-1,19,78.903332,20.601912,Viveck Goenka,"[0, 1, 0, 0, 2]","[0, 9, 1, 0, 6]"
Indybay,-1.9411764705882353,895,0,17,,,,"[2, 0, 0, 0, 0]","[14, 1, 0, 0, 0]"
InnisfilToday.ca,-0.6551724137931034,11413,0,87,,,,"[1, 18, 2, 1, 5]","[0, 51, 7, 1, 1]"
Inquirer,-0.368421052631579,86074,-1,76,120.989164,14.603646,Inquirer Group of Companies,"[0, 13, 0, 1, 2]","[4, 34, 9, 4, 9]"
Insider Paper,0.3116883116883118,4052,0,77,,,,"[0, 7, 2, 1, 4]","[1, 22, 15, 4, 21]"
Investing.com,-0.3846153846153846,14658,0,13,,,,"[0, 1, 0, 0, 0]","[0, 8, 1, 2, 1]"
Iola Register,-0.15384615384615374,7416,0,13,,,,"[0, 1, 2, 0, 1]","[0, 3, 6, 0, 0]"
Iran Focus,-0.41666666666666674,488,0,12,,,,"[0, 0, 0, 0, 0]","[2, 6, 0, 3, 1]"
Irish Examiner,-0.5490196078431373,85121,-1,51,-8.047771,53.547578,The Irish Times,"[2, 13, 4, 0, 1]","[1, 21, 3, 2, 4]"
Irish Independent,-0.10606060606060597,307139,1,132,-7.944118,53.195573,Mediahuis,"[3, 11, 5, 1, 7]","[10, 39, 23, 19, 14]"
Irish Times,-0.5384615384615385,47939,-1,39,-6.283621,53.357875,,"[1, 5, 0, 0, 2]","[3, 21, 2, 1, 4]"
Islamabad Post,-0.5555555555555556,3905,0,54,,,,"[1, 2, 4, 2, 0]","[9, 20, 10, 2, 4]"
Israel Unwired,1.6,437,2,55,,,,"[1, 0, 0, 1, 6]","[3, 1, 1, 0, 42]"
J-Wire,1.164705882352941,1060,0,170,,,,"[1, 6, 2, 1, 17]","[4, 26, 3, 15, 95]"
James W. Foley,0.7857142857142856,186,0,14,,,,"[0, 0, 0, 0, 1]","[0, 5, 0, 2, 6]"
Japan Today,-0.1428571428571428,70974,-1,119,139.40513,35.954692,GPlusMedia,"[3, 5, 13, 1, 5]","[14, 27, 31, 2, 18]"
Jersey Evening Post,-0.28,10669,0,100,,,All Island Media ,"[2, 13, 3, 1, 8]","[2, 45, 13, 5, 8]"
Jerusalem Post,0.8943014705882355,55912,0,1088,35.202323,31.763786,The Jerusalem Post,"[2, 12, 3, 3, 31]","[60, 217, 75, 109, 576]"
Jewish Insider,1.263157894736842,1975,1,95,,,,"[1, 3, 0, 1, 10]","[2, 13, 2, 5, 58]"
Jewish News Syndicate,1.6993464052287583,2061,1,153,35.199745,31.768161,,"[0, 0, 0, 0, 9]","[1, 7, 7, 7, 122]"
Jewish Press,1.6070726915520628,16898,1,509,,,,"[0, 1, 1, 0, 36]","[25, 18, 14, 13, 401]"
Jewish Telegraphic Agency,1.1724137931034484,6384,0,145,,,,"[0, 5, 1, 5, 18]","[3, 22, 3, 14, 74]"
Jingletree,0.1342281879194629,21140,0,149,,,,"[3, 4, 15, 0, 4]","[3, 19, 75, 5, 21]"
"Jordan News | Latest News from Jordan, MENA",-1.2352941176470589,8664,0,51,,,,"[2, 0, 0, 0, 2]","[23, 21, 1, 0, 2]"
Jordan Times,-0.6333333333333333,7016,0,90,35.917686,31.971423,,"[2, 6, 2, 0, 1]","[8, 47, 15, 4, 5]"
Just the News,1.25,42732,1,72,-77.053508,38.914999,,"[1, 0, 2, 2, 17]","[2, 4, 10, 4, 30]"
KAYHAN LIFE,-0.1095890410958904,2102,0,73,,,,"[0, 6, 0, 0, 2]","[3, 35, 7, 5, 15]"
KCCI,-0.33333333333333326,61563,0,72,-93.617716,41.598735,Hearst Communications,"[0, 21, 0, 1, 3]","[1, 32, 1, 2, 11]"
KCRA 3,-0.3088235294117647,90193,0,68,-121.509239,38.579112,Hearst Communications,"[0, 17, 0, 1, 4]","[1, 32, 1, 3, 9]"
KCRG,-0.28125,35728,0,32,-91.646895,41.970564,Gray Television,"[0, 9, 1, 1, 2]","[1, 12, 0, 3, 3]"
KESQ,-0.20125786163522008,24573,0,159,,,"News-Press & Gazette Company, California","[1, 11, 3, 0, 7]","[11, 65, 28, 12, 21]"
KETV,-0.3787878787878789,64524,0,66,-95.923385,41.270836,Hearst Communications,"[0, 20, 0, 1, 4]","[1, 29, 1, 3, 7]"
KEYT,-0.4303030303030304,25051,0,165,,,News-Press & Gazette Company,"[1, 20, 2, 1, 2]","[6, 84, 22, 12, 15]"
KHBS,-0.375,20438,0,72,,,Hearst Communications,"[0, 21, 1, 1, 4]","[1, 32, 1, 3, 8]"
KIFI,-0.4320987654320987,251704,0,162,-112.043703,43.501285,News-Press & Gazette Company,"[0, 16, 4, 1, 3]","[7, 86, 21, 9, 15]"
KION,-0.4204545454545454,23007,0,176,,,News-Press & Gazette Company,"[1, 14, 2, 2, 3]","[7, 97, 21, 13, 16]"
KMBC,-0.3918918918918919,59649,0,74,-94.568981,39.107425,Hearst Communications,"[0, 21, 0, 1, 4]","[1, 34, 2, 3, 8]"
KMIZ,-0.4662921348314606,24259,0,178,,,News-Press & Gazette Company,"[1, 18, 1, 1, 1]","[7, 99, 22, 9, 19]"
KOAT,-0.33333333333333326,49895,0,78,-106.66285,35.071828,Hearst Communications,"[0, 23, 0, 1, 4]","[1, 33, 3, 3, 10]"
KOB 4,-0.23121387283237005,71834,0,173,-106.64834,35.082041,Hubbard Broadcasting,"[2, 11, 13, 3, 5]","[3, 51, 72, 7, 6]"
KPBS,-0.8545454545454545,9928,0,55,,,California State University,"[1, 15, 0, 0, 1]","[0, 35, 1, 1, 1]"
KRDO,-0.15384615384615374,245908,0,130,-104.824351,38.835755,News-Press & Gazette Company,"[3, 12, 2, 1, 7]","[13, 45, 15, 10, 22]"
KSBW,-0.318840579710145,25774,0,69,,,Hearst Communications,"[0, 18, 0, 1, 4]","[1, 32, 1, 3, 9]"
KTVB,-0.6111111111111112,17353,0,54,-116.192562,43.603981,Tegna Inc.,"[2, 16, 0, 0, 3]","[2, 25, 0, 2, 4]"
KVIA,-0.4767441860465116,210424,0,172,-85.66577,30.165371,News-Press & Gazette Company,"[1, 22, 1, 0, 2]","[8, 88, 24, 10, 16]"
KYMA,-0.5229357798165137,15601,0,109,,,"Apollo Global Management, Cox Enterprises","[0, 13, 5, 0, 1]","[2, 54, 26, 4, 4]"
KYTX,-0.7575757575757576,8699,0,33,,,Tegna Inc.,"[1, 12, 0, 0, 1]","[2, 14, 0, 1, 2]"
KahawaTungu,-0.14814814814814814,4033,0,27,36.823293,-1.317181,,"[0, 5, 0, 0, 3]","[0, 11, 5, 0, 3]"
KalingaTV,1.4615384615384617,5116,0,13,,,,"[0, 0, 0, 0, 1]","[0, 2, 0, 1, 9]"
Kashmir Observer,-0.5277777777777777,9481,0,36,,,,"[1, 7, 0, 0, 2]","[3, 16, 2, 2, 3]"
Kathimerini English Edition,-0.33333333333333326,15626,0,18,23.728794,37.982965,,"[0, 2, 0, 0, 0]","[1, 6, 6, 2, 1]"
Khaama Press,-0.3125,17663,0,112,69.220826,34.55993,Khushnood Nabizada,"[3, 11, 1, 0, 8]","[7, 54, 10, 2, 16]"
Kitimat Northern Sentinel,-0.9166666666666667,13469,-1,12,,,,"[2, 5, 0, 0, 0]","[0, 4, 0, 0, 1]"
Koco News5,-0.33333333333333326,67195,-1,78,-97.540036,35.502705,Hearst Communications,"[0, 22, 0, 1, 5]","[1, 35, 2, 2, 10]"
Krem2 News,-0.8400000000000001,19827,0,25,-117.410491,47.663205,Tegna Inc.,"[1, 9, 0, 0, 1]","[1, 12, 0, 0, 1]"
LBC,0.018867924528302105,24516,1,53,-0.104786,51.517203,,"[1, 10, 1, 3, 4]","[5, 13, 2, 3, 11]"
Lagatar English,0.1333333333333333,1530,0,15,,,,"[1, 0, 0, 0, 0]","[0, 5, 4, 1, 4]"
Lankaxpress,-0.4814814814814814,2953,0,27,,,,"[1, 4, 1, 0, 2]","[0, 15, 1, 2, 1]"
Las Vegas Review-Journal,0.5822784810126582,88897,0,79,-115.146338,36.179113,,"[0, 10, 0, 2, 9]","[0, 19, 7, 9, 23]"
Latest For Me,-0.18181818181818188,6409,0,11,,,,"[0, 0, 0, 0, 2]","[2, 4, 2, 0, 1]"
Latestly,0.1843575418994412,95406,2,179,,,,"[3, 14, 3, 4, 8]","[4, 68, 12, 17, 46]"
Latin Times,0.040000000000000036,7221,-1,75,,,,"[0, 9, 1, 0, 8]","[9, 26, 0, 4, 18]"
Le Monde,-0.39175257731958757,87876,-1,97,2.362035,48.863721,,"[4, 7, 0, 2, 6]","[7, 47, 8, 8, 8]"
Leadership,0.0,28730,0,17,7.377491,9.069713,Sam Nda-Isaiah,"[0, 2, 0, 0, 1]","[1, 3, 7, 1, 2]"
Legit.ng - Nigeria news.,0.0,34171,0,14,3.348864,6.602129,,"[0, 0, 0, 0, 1]","[0, 7, 3, 1, 2]"
LewRockwell.com,0.4615384615384617,1891,2,13,,,,"[1, 0, 0, 0, 3]","[4, 0, 0, 0, 5]"
Le·gal In·sur·rec·tion,1.721518987341772,2994,2,79,,,,"[0, 1, 1, 0, 14]","[2, 3, 0, 0, 58]"
Liberty Nation,2.0,1096,2,11,,,,"[0, 0, 0, 0, 2]","[0, 0, 0, 0, 9]"
LifeSiteNews,-0.5714285714285714,10236,2,14,,,,"[2, 0, 0, 0, 1]","[7, 0, 0, 0, 4]"
Live Mint,0.36170212765957466,107498,0,94,77.212229,28.618708,HT Media,"[0, 11, 2, 1, 13]","[3, 29, 8, 1, 26]"
Live5News,-0.36363636363636354,14429,0,11,,,,"[0, 5, 1, 0, 1]","[0, 3, 0, 0, 1]"
Loonie Politics,-0.33333333333333326,4260,0,21,,,,"[0, 2, 0, 0, 2]","[1, 13, 0, 0, 3]"
Los Angeles Times,-0.59375,141511,-1,32,-118.264655,34.067005,Patrick Soon-Shiong,"[0, 3, 0, 0, 1]","[5, 17, 1, 1, 4]"
Lucianne,1.6491228070175437,7095,2,57,,,,"[0, 0, 0, 0, 2]","[3, 0, 0, 8, 44]"
MASSIVE.NEWS,0.5882352941176472,939,0,17,,,,"[0, 0, 0, 0, 2]","[1, 5, 1, 3, 5]"
MM News TV,-0.5,5588,0,56,,,,"[2, 7, 1, 1, 3]","[10, 19, 4, 3, 6]"
MOR-TV,-0.375,13591,0,72,-82.474639,27.933547,,"[0, 19, 0, 1, 4]","[1, 35, 1, 2, 9]"
MR Online,-1.5833333333333333,1066,-2,12,,,,"[1, 0, 0, 0, 0]","[9, 1, 0, 0, 1]"
MSNBC,-0.04444444444444451,50923,-2,45,-94.462934,39.742931,Roberts family,"[1, 4, 4, 0, 7]","[9, 7, 5, 1, 7]"
Macau Business,-0.32568807339449535,13539,0,218,,,,"[2, 18, 2, 1, 7]","[12, 108, 26, 16, 26]"
"Magazine, Healty And Sport News",-0.026315789473684292,6141,0,38,,,,"[2, 3, 1, 0, 3]","[1, 16, 2, 2, 8]"
Maktoob,-1.4918032786885247,2020,0,61,,,,"[7, 4, 0, 0, 2]","[35, 8, 4, 1, 0]"
Malay Mail,-0.4195804195804196,108409,1,143,101.560184,3.339253,Dato’ Siew Ka Wei,"[2, 15, 0, 3, 11]","[12, 73, 7, 9, 11]"
Mangalorean.com,0.1333333333333333,5208,0,60,,,,"[0, 4, 1, 0, 6]","[2, 25, 5, 5, 12]"
Manila Bulletin,-0.5454545454545454,20390,-1,44,,,Manila Bulletin Publishing Corporation,"[0, 8, 0, 1, 1]","[0, 26, 4, 1, 3]"
Marine Insight,0.5,5025,0,18,,,,"[0, 0, 0, 0, 1]","[0, 6, 2, 5, 4]"
Maritime Reporter,0.0,8972,0,11,,,,"[0, 0, 0, 0, 1]","[0, 3, 6, 1, 0]"
Mathrubhumi,-0.05691056910569103,69590,0,123,76.348507,10.857336,M. P. Veerendra Kumar,"[1, 15, 1, 1, 10]","[4, 50, 15, 5, 21]"
Mediaite,0.32727272727272716,38051,-1,55,-97.087687,36.80209,Dan Abrams,"[1, 3, 0, 0, 9]","[11, 11, 1, 0, 19]"
Mehr News Agency,-0.08333333333333326,27618,2,24,51.372328,35.690039,,"[0, 1, 0, 0, 2]","[7, 4, 2, 3, 5]"
Merco Press,0.5882352941176472,24938,-1,17,-66.91152,10.482262,,"[0, 0, 0, 0, 1]","[4, 2, 1, 0, 9]"
Metro News,-0.2857142857142858,224549,-1,28,-0.142331,51.487276,"Alfred Harmsworth (barrister), Geraldine Mary Harmsworth, Patricia Harmsworth, Viscountess Rothermere","[1, 3, 1, 0, 2]","[2, 10, 5, 1, 3]"
Middle East Eye,-0.8571428571428572,9124,-2,133,-0.159046,51.510307,,"[7, 14, 0, 0, 4]","[43, 44, 2, 2, 17]"
Middle East Monitor,-0.9310344827586208,50377,-2,29,-0.132251,51.517742,Qatar,"[1, 1, 0, 0, 0]","[13, 7, 2, 1, 4]"
Midland Today,-0.632183908045977,65730,0,87,,,,"[1, 17, 2, 2, 4]","[1, 49, 8, 1, 2]"
Military.com,-0.5512820512820513,26141,0,78,-122.417219,37.77505,Randstad Holding,"[2, 12, 0, 2, 3]","[5, 43, 1, 2, 8]"
Minute Mirror,-0.5217391304347827,14217,0,276,,,,"[7, 16, 2, 3, 6]","[44, 128, 22, 9, 39]"
Modern Diplomacy,-0.4782608695652173,1962,2,23,,,,"[1, 1, 0, 0, 0]","[2, 14, 0, 0, 5]"
Monkey Viral,-0.4491017964071857,4902,0,167,,,,"[8, 9, 2, 1, 11]","[32, 60, 15, 7, 22]"
Moose Jaw Today,-0.9473684210526316,15413,0,19,,,Glacier Media,"[0, 4, 0, 0, 0]","[0, 14, 1, 0, 0]"
Morning Express,-0.15625,5227,0,96,,,,"[3, 7, 1, 2, 9]","[15, 32, 5, 4, 18]"
Morning Sun,-0.593984962406015,30399,0,133,-94.706297,37.414917,Pittsburg Publishing LLC,"[0, 13, 2, 2, 1]","[1, 86, 17, 4, 7]"
Motorcycle Sports,-0.5,5549,0,12,,,,"[1, 0, 0, 0, 0]","[2, 6, 0, 0, 3]"
Mwanzo TV,-0.18181818181818188,739,0,11,,,,"[0, 2, 0, 0, 2]","[0, 5, 1, 1, 0]"
My London,-0.5714285714285714,24848,0,14,-0.111888,51.486332,Reach plc,"[0, 1, 0, 1, 0]","[2, 6, 2, 2, 0]"
My Mother Lode,-0.05154639175257736,97078,0,194,,,,"[2, 7, 17, 2, 6]","[12, 33, 91, 4, 20]"
MyCentralOregon.com,-0.10526315789473695,2866,0,38,,,,"[0, 5, 2, 2, 1]","[2, 15, 1, 4, 6]"
MyClallamCounty.com,0.0,2288,0,31,,,,"[0, 5, 1, 2, 1]","[0, 13, 1, 2, 6]"
NBC New York,-0.2666666666666666,37151,-1,15,-74.000286,40.711853,"Roberts family, HM Capital Partners","[0, 0, 0, 0, 2]","[0, 11, 0, 1, 1]"
NBC News,-0.3076923076923077,101315,-1,169,-96.967141,37.243233,Roberts family,"[6, 19, 4, 1, 8]","[12, 67, 19, 13, 20]"
NDTV,0.09505703422053235,468501,1,263,77.199692,28.626046,"Independent Media, Gautam Adani","[2, 15, 2, 4, 18]","[25, 92, 20, 24, 61]"
NEWS WIRE FAX - Breaking News & Headlines,0.06666666666666687,2634,0,15,,,,"[0, 3, 0, 1, 0]","[2, 3, 1, 0, 5]"
NEWS9 LIVE,0.1428571428571428,20780,0,63,,,,"[1, 8, 0, 3, 10]","[3, 17, 7, 9, 5]"
NEWSRAEL,1.5956790123456792,4750,2,648,34.849271,32.078441,,"[1, 3, 0, 0, 28]","[21, 30, 25, 25, 515]"
NEWSREP,0.18518518518518512,1544,1,27,,,,"[0, 5, 0, 0, 4]","[1, 8, 1, 4, 4]"
NOQ Report,1.6451612903225805,3945,2,31,,,,"[0, 0, 0, 0, 4]","[1, 1, 1, 2, 22]"
NY Daily News,0.20000000000000018,132908,-1,15,-73.976936,40.711214,Alden Global Capital,"[0, 3, 0, 1, 4]","[2, 3, 0, 0, 2]"
NY1,-0.2530120481927711,39523,0,83,-74.002088,40.71381,"Advance Publications, Liberty Media, Capital Group Companies, The Vanguard Group, Mitsubishi UFJ Financial Group, Nippon Life, Meiji Yasuda Life, Norinchukin Bank, Resona Holdings, Sumitomo Mitsui Trust Holdings, Masayoshi Son, JPMorgan Chase, Citigroup, Baillie Gifford","[0, 16, 1, 3, 8]","[3, 40, 0, 2, 10]"
NZ Herald,-0.3272727272727274,277066,0,55,174.797602,-36.88107,New Zealand Media and Entertainment,"[2, 10, 1, 0, 3]","[2, 21, 6, 5, 5]"
Nation.Cymru,-0.625,27670,0,32,-3.617071,52.004077,,"[1, 3, 1, 1, 1]","[5, 15, 1, 1, 3]"
NationNews,-0.08333333333333326,25362,0,12,-59.55493,13.212023,,"[0, 4, 0, 0, 0]","[0, 4, 0, 1, 3]"
National Accord Newspaper,-0.33333333333333326,3828,0,12,,,,"[0, 1, 1, 0, 0]","[2, 3, 2, 2, 1]"
National Catholic Register,-0.25,11461,2,16,,,EWTN,"[0, 1, 0, 0, 1]","[1, 9, 1, 0, 3]"
National Daily Newspaper,0.7272727272727271,2441,0,11,,,,"[0, 1, 0, 1, 0]","[0, 2, 2, 0, 5]"
National Post,1.2790697674418605,154217,1,86,-111.214573,58.015941,"Leon Cooperman, Allianz","[1, 3, 0, 1, 11]","[3, 4, 2, 20, 41]"
NationofChange,-1.8666666666666667,586,-2,15,,,,"[2, 0, 0, 0, 0]","[11, 2, 0, 0, 0]"
Nemos News Network,2.0,515,0,25,,,,"[0, 0, 0, 0, 5]","[0, 0, 0, 0, 20]"
New York Post,1.2452107279693485,245963,1,261,-74.002053,40.704876,Murdoch family,"[0, 7, 2, 2, 25]","[13, 27, 13, 11, 161]"
Newmarket Today,-0.6588235294117648,65647,0,85,-79.424003,44.610604,,"[1, 21, 1, 1, 5]","[0, 48, 5, 2, 1]"
News,0.1132075471698113,191966,1,53,,,Murdoch family,"[1, 6, 0, 0, 3]","[2, 20, 4, 2, 15]"
News Bulletin 247,-0.29166666666666674,6229,0,48,,,,"[1, 2, 0, 0, 5]","[8, 19, 5, 1, 7]"
News Central - Latest Africa News,-0.481012658227848,4278,0,79,,,,"[1, 7, 0, 0, 2]","[16, 27, 11, 4, 11]"
News Facts Network,0.9473684210526314,3907,0,19,-79.785171,36.073254,,"[0, 0, 0, 1, 3]","[1, 5, 0, 0, 9]"
News Room Odisha,-0.09259259259259256,5660,0,54,,,,"[0, 8, 0, 2, 1]","[2, 22, 3, 7, 9]"
News Talk 94.1/AM 1600,-0.1287878787878789,11673,0,132,,,,"[2, 10, 9, 1, 5]","[10, 36, 36, 4, 19]"
News Text Area,-0.02941176470588225,4741,0,34,,,,"[0, 8, 0, 0, 2]","[1, 12, 2, 1, 8]"
News/Talk 94.7 & 970 WMAY,0.0,4711,0,43,,,,"[0, 6, 2, 2, 0]","[2, 16, 1, 4, 10]"
News18 India,0.5225225225225225,597068,1,111,79.913817,22.129235,Mukesh Ambani,"[1, 8, 0, 3, 13]","[2, 35, 4, 12, 33]"
News24,-0.29166666666666674,192707,0,24,23.874244,-30.403431,24.com,"[1, 2, 2, 0, 1]","[1, 8, 5, 3, 1]"
"News360 Info - Breaking News, Nigerian News and Multimedia, World News.",0.1304347826086958,2433,0,23,,,,"[1, 1, 0, 0, 3]","[0, 11, 1, 1, 5]"
NewsBusters,0.5714285714285716,26520,2,14,-77.043162,38.891327,,"[1, 0, 0, 0, 0]","[4, 0, 0, 0, 9]"
NewsX,-0.01379310344827589,9958,0,145,,,Venod Sharma,"[2, 10, 4, 2, 9]","[13, 52, 13, 10, 30]"
Newsday,-0.6480446927374302,23552,0,179,-96.325962,37.714472,,"[1, 19, 0, 0, 3]","[7, 116, 15, 7, 11]"
Newser,-0.09859154929577474,4878,-1,71,-80.2001,25.749301,"Patrick Spain, Michael Wolff","[0, 10, 1, 2, 6]","[1, 33, 4, 4, 10]"
Newsmax,0.6666666666666665,50570,2,54,-77.041148,38.90316,Christopher Ruddy,"[0, 5, 0, 0, 6]","[0, 16, 4, 1, 22]"
Newsweek,-0.05755395683453246,174260,0,139,-94.724376,39.876336,IBT Media,"[1, 12, 0, 8, 12]","[10, 60, 5, 8, 23]"
Newtelegraph,-0.42105263157894735,7313,0,19,,,,"[0, 0, 0, 0, 2]","[3, 9, 3, 1, 1]"
Nigerian News. Latest Nigeria News. Your online Nigerian Newspaper.,-0.29032258064516125,5281,0,31,,,,"[0, 2, 2, 0, 1]","[6, 8, 6, 1, 5]"
Nnu.ng - Nigeria News Update.,0.5333333333333332,9170,0,30,,,,"[0, 1, 3, 0, 3]","[0, 5, 10, 0, 8]"
Northwest Newsradio,0.023255813953488413,3548,0,43,,,,"[0, 6, 2, 2, 0]","[2, 15, 1, 6, 9]"
Novara Media,-1.263157894736842,1864,-2,19,,,,"[3, 3, 0, 1, 0]","[7, 4, 0, 0, 1]"
OAN,1.6956521739130435,103940,2,23,-117.141119,32.737671,Herring Networks,"[0, 0, 0, 0, 5]","[1, 0, 1, 1, 15]"
ODISHA BYTES,0.3846153846153846,4897,0,13,,,,"[0, 2, 0, 0, 0]","[0, 3, 3, 0, 5]"
OODA Loop,0.8148148148148149,1668,0,27,,,,"[1, 1, 2, 0, 2]","[0, 4, 2, 5, 10]"
OPB,-0.19999999999999996,34515,0,50,-122.661875,45.507826,Oregon Public Broadcasting,"[1, 11, 0, 0, 8]","[2, 19, 2, 4, 3]"
Oakville News,-0.6091954022988506,15463,0,87,,,,"[1, 18, 1, 2, 5]","[0, 49, 9, 0, 2]"
Oil Price,0.20000000000000018,9387,1,20,-0.128071,51.517016,Advanced Media Solutions,"[0, 1, 0, 1, 2]","[1, 6, 3, 4, 2]"
Olive Tree Ministries,2.0,775,0,23,,,,"[0, 0, 0, 0, 2]","[0, 0, 0, 0, 21]"
Orillia Matters,-0.6046511627906976,69348,0,86,-79.420205,44.608685,,"[1, 19, 2, 1, 6]","[0, 48, 7, 0, 2]"
Orinoco Tribune,-1.4864864864864864,1444,-2,37,,,,"[2, 1, 0, 0, 0]","[27, 3, 0, 1, 3]"
Orissa POST,-0.4782608695652173,7940,0,46,,,,"[1, 8, 1, 0, 5]","[6, 18, 3, 0, 4]"
Orthodox Times,-0.5454545454545454,1708,0,11,,,,"[0, 0, 1, 0, 0]","[1, 5, 3, 1, 0]"
Otago Daily Times,-0.10344827586206895,138375,0,29,170.022902,-45.406017,Allied Press,"[1, 7, 0, 0, 1]","[0, 10, 3, 0, 7]"
Our Sunday Visitor,-1.1538461538461537,916,1,13,,,,"[1, 1, 0, 0, 0]","[2, 8, 1, 0, 0]"
Oyeyeah,-0.6785714285714286,2110,0,28,,,,"[0, 6, 1, 1, 1]","[5, 10, 2, 0, 2]"
PBS NewsHour,-0.825503355704698,50974,-1,149,-77.039783,38.907089,,"[1, 31, 0, 1, 4]","[10, 92, 2, 3, 5]"
PJ Media,1.7142857142857144,12132,2,35,,,Salem Media Group,"[0, 0, 0, 0, 7]","[2, 0, 1, 0, 25]"
Pajhwok Afghan News,-0.5333333333333334,18558,0,45,69.221758,34.54783,Danish Karokhel,"[2, 1, 5, 0, 2]","[9, 9, 15, 0, 2]"
Pakistan Times Today,-0.5555555555555556,1851,0,18,,,,"[0, 1, 1, 0, 0]","[1, 7, 8, 0, 0]"
Pakistan Today,-0.45945945945945943,6115,0,37,69.41911,30.520221,,"[2, 3, 0, 0, 2]","[7, 13, 3, 1, 6]"
Patriot Journal,2.0,1328,2,16,,,,"[0, 0, 0, 0, 5]","[0, 0, 0, 0, 11]"
Pearls and Irritations,-0.9047619047619047,7056,0,21,,,,"[3, 0, 0, 0, 0]","[10, 3, 0, 0, 5]"
Penn Live,-0.2666666666666666,74136,0,15,-76.890462,40.273371,Advance Publications,"[0, 3, 0, 0, 1]","[0, 7, 2, 0, 2]"
PerthNow,-0.33333333333333326,113740,0,138,115.862167,-31.948861,,"[2, 16, 1, 2, 5]","[7, 68, 12, 6, 19]"
Phil's Stock World,-0.75,2664,0,16,,,,"[1, 1, 1, 0, 0]","[0, 9, 4, 0, 0]"
Pioneer Press,-0.1428571428571428,88412,0,14,-93.088615,44.952358,Alden Global Capital,"[0, 0, 3, 0, 2]","[0, 6, 3, 0, 0]"
Pledge Times,0.20370370370370372,7009,0,54,,,,"[3, 2, 0, 2, 5]","[5, 13, 8, 2, 14]"
Political Wire,-0.04651162790697683,77537,0,43,-74.007885,40.702943,Goddard Media LLC,"[0, 5, 0, 0, 5]","[1, 23, 0, 0, 9]"
Politico,0.0,49370,-1,22,,,Capitol News Company,"[1, 2, 0, 0, 3]","[2, 7, 2, 1, 4]"
Politico Europe,-0.0888888888888888,33989,-1,45,4.340668,50.847803,"Capitol News Company, KKR","[2, 5, 0, 0, 5]","[4, 17, 1, 2, 9]"
"Politics, Policy, Political News",1.8260869565217392,3386,0,23,,,,"[0, 0, 0, 0, 5]","[1, 0, 0, 0, 17]"
Portland Press Herald,-0.8,91615,0,15,-70.255972,43.659216,MaineToday Media,"[0, 6, 0, 1, 0]","[0, 7, 1, 0, 0]"
Premium Times Nigeria,-0.2142857142857142,38637,-1,14,7.398665,9.075892,,"[0, 3, 0, 2, 0]","[0, 6, 1, 0, 2]"
Prensa Latina,-1.532258064516129,9825,0,62,-82.966239,22.814015,,"[3, 2, 1, 0, 1]","[42, 9, 2, 0, 2]"
PressNewsAgency,-0.15463917525773185,8531,0,97,,,,"[0, 16, 0, 2, 4]","[3, 42, 9, 3, 18]"
PressTV,-1.5165692007797271,25731,2,513,51.39306,35.690904,Government of the Islamic Republic of Iran,"[24, 11, 0, 0, 6]","[347, 89, 8, 4, 24]"
Prince George Citizen,-0.5416666666666667,73253,-1,72,,,Glacier Media,"[1, 14, 0, 3, 2]","[0, 34, 16, 0, 2]"
Punch Newspapers,-0.023809523809523725,68949,-1,42,,,,"[0, 4, 0, 1, 6]","[2, 17, 5, 3, 4]"
Quds News Network,-1.6090909090909091,925,-1,220,,,,"[18, 4, 0, 0, 3]","[152, 32, 3, 0, 8]"
Quorum Call,0.8214285714285716,7765,0,28,,,,"[0, 0, 0, 0, 1]","[1, 5, 6, 2, 13]"
RAGEX,1.15,1353,0,40,,,,"[0, 0, 0, 0, 6]","[0, 8, 4, 2, 20]"
RNZ,-0.5972222222222223,88368,0,72,175.448909,-40.98865,Ministry for Culture and Heritage,"[1, 16, 1, 0, 3]","[3, 36, 5, 3, 4]"
RTÉ,-0.4444444444444444,199225,0,162,-8.009987,53.397426,Government of Ireland,"[0, 27, 4, 4, 4]","[5, 85, 12, 4, 17]"
Radio France Internationale,-0.32352941176470584,31280,0,34,2.356212,48.856139,Government of France,"[0, 2, 0, 0, 2]","[1, 21, 2, 2, 4]"
Radio Free Europe/ RadioLiberty,-0.71875,51079,0,32,15.470666,49.818457,U.S. Agency for Global Media,"[0, 7, 0, 0, 1]","[0, 22, 0, 0, 2]"
Rappler,-0.27083333333333326,61385,-1,48,121.746197,12.837988,,"[1, 9, 0, 1, 2]","[2, 20, 4, 1, 8]"
Raw Story,-0.16666666666666674,129333,-2,60,-92.022272,36.855195,"John K. Byrne, Michael Rogers (publisher)","[1, 5, 0, 0, 6]","[13, 19, 1, 0, 15]"
Real Clear Politics,0.9629629629629628,68550,1,27,-87.615209,41.857754,,"[0, 1, 0, 2, 3]","[0, 5, 0, 8, 8]"
Reason,0.5,33902,1,12,-98.620544,38.344697,Reason Foundation,"[0, 1, 0, 0, 2]","[0, 5, 0, 0, 4]"
Red Wave Press,1.0909090909090908,2377,0,11,,,,"[0, 0, 0, 0, 3]","[1, 2, 0, 0, 5]"
RedState,1.9454545454545453,56750,2,55,-77.052746,38.903771,Salem Media Group,"[0, 0, 0, 0, 15]","[0, 1, 0, 0, 39]"
Religion News Service,-0.35483870967741926,7889,-1,31,-95.481399,37.351451,,"[1, 4, 0, 1, 2]","[5, 11, 1, 1, 5]"
Republic World,0.4761904761904763,19830,1,63,72.874285,19.072163,"Arnab Goswami, Jupiter Capital Private Limited","[1, 7, 0, 0, 6]","[3, 16, 3, 5, 22]"
ResetEra,-1.1666666666666665,7464,0,18,,,,"[6, 3, 0, 0, 0]","[4, 2, 1, 0, 2]"
Responsible Statecraft,-0.06666666666666665,992,-1,15,,,,"[3, 0, 0, 0, 5]","[4, 1, 0, 0, 2]"
Reuters,-0.43999999999999995,465835,0,25,-1.954771,52.612309,The Woodbridge Company,"[0, 2, 0, 3, 0]","[2, 12, 3, 2, 1]"
RocketNews,-0.31775700934579443,7870,-1,214,,,,"[9, 3, 8, 0, 5]","[41, 29, 92, 0, 27]"
Rocky Mountain Outlook,-0.6862745098039216,124913,-1,102,,,Glacier Media,"[1, 24, 0, 4, 2]","[2, 56, 8, 2, 3]"
RollingStone,-0.5,68100,-2,16,-118.231323,34.052674,Penske Media Corporation,"[2, 2, 0, 0, 2]","[3, 2, 4, 0, 1]"
Rother Radio - Rotherham & Sheffield's Best Variety of Hits!,-0.10000000000000009,1443,0,20,,,,"[0, 4, 3, 1, 1]","[0, 4, 5, 1, 1]"
SABC News,-0.5,11680,0,42,,,,"[1, 3, 2, 0, 4]","[3, 22, 4, 2, 1]"
SBS News,-0.3142857142857143,75879,-1,105,151.258734,-33.900213,Australian Government,"[1, 12, 1, 1, 7]","[6, 56, 3, 2, 16]"
SHTF Plan,1.272727272727273,696,2,11,,,,"[0, 0, 0, 0, 3]","[2, 0, 0, 0, 6]"
SKWAWKBOX,-1.6923076923076923,1106,-2,39,,,,"[7, 0, 0, 0, 0]","[29, 0, 0, 0, 3]"
SOFX,0.7250000000000001,1180,0,80,,,,"[1, 4, 0, 2, 7]","[0, 21, 7, 7, 31]"
SRI,-1.3478260869565217,669,0,23,,,,"[1, 2, 0, 0, 1]","[11, 7, 1, 0, 0]"
Sada El balad,-0.7487684729064039,3788,0,203,,,,"[4, 7, 3, 1, 5]","[53, 77, 33, 5, 15]"
Salon,-0.9230769230769231,35457,-2,13,-122.417812,37.780921,Chris Richmond (entrepreneur),"[3, 1, 1, 0, 1]","[3, 3, 0, 0, 1]"
San Diego Jewish World,1.2058823529411766,858,0,34,,,,"[0, 1, 0, 1, 0]","[3, 3, 0, 2, 24]"
Sara A. Carter,1.7692307692307692,1484,0,13,,,,"[0, 0, 0, 0, 2]","[0, 1, 0, 0, 10]"
Sarajevo Times,-0.4719101123595506,2436,0,89,,,,"[1, 7, 2, 2, 5]","[20, 32, 6, 1, 13]"
Sask Today,-1.0,116137,-1,16,,,Glacier Media,"[0, 3, 0, 0, 0]","[1, 11, 1, 0, 0]"
Scoop Empire,-1.2941176470588234,495,0,17,,,,"[1, 4, 0, 0, 0]","[5, 6, 1, 0, 0]"
Scripps News,0.22222222222222232,17634,0,36,-84.36552,33.743175,E. W. Scripps Company,"[0, 11, 0, 1, 6]","[0, 7, 3, 3, 5]"
Scroll India,-0.2727272727272727,51218,-1,22,80.747493,21.818932,,"[0, 8, 1, 0, 5]","[0, 8, 0, 0, 0]"
Selangor Journal,-0.7419354838709677,4381,0,62,,,,"[1, 8, 1, 0, 6]","[11, 31, 0, 3, 1]"
Semafor,0.3999999999999999,3895,-1,40,-74.002327,40.677126,"Justin B. Smith, Ben Smith","[0, 7, 2, 1, 2]","[0, 9, 5, 1, 13]"
Shropshire Star,-0.5,176941,0,58,-2.478756,52.695466,MNA Media,"[1, 8, 0, 0, 2]","[1, 34, 5, 1, 6]"
Signs of the Times,-0.25531914893617014,6130,0,47,,,,"[2, 2, 0, 0, 3]","[11, 15, 1, 1, 12]"
Sky News UK,0.2116788321167884,140590,0,137,-2.778768,52.870891,Roberts family,"[2, 15, 3, 3, 15]","[8, 41, 4, 20, 26]"
Sky News: The Latest News from the World,-0.36764705882352944,7559,0,68,,,,"[1, 6, 0, 1, 6]","[6, 34, 3, 6, 5]"
Smithers Interior News,-0.9166666666666667,13868,-1,12,,,,"[2, 5, 0, 0, 0]","[0, 4, 0, 0, 1]"
Social News XYZ,-0.027131782945736482,20236,0,258,,,,"[1, 11, 14, 1, 14]","[11, 94, 57, 17, 38]"
SooLeader.com,-0.6666666666666667,2831,0,21,,,,"[0, 2, 0, 0, 0]","[0, 16, 1, 0, 2]"
SooToday.com,-0.6666666666666667,80831,-1,75,-84.315438,46.510213,,"[1, 15, 2, 2, 2]","[0, 44, 6, 1, 2]"
South China Morning Post,0.1144578313253013,225952,0,166,114.118349,22.391712,Alibaba Group,"[4, 11, 9, 4, 15]","[3, 57, 21, 17, 25]"
Spectator UK,0.71875,18229,1,32,-0.14123,51.503305,Press Holdings,"[2, 1, 0, 2, 3]","[4, 4, 0, 0, 16]"
Spectrum Local News,0.07142857142857162,56462,0,14,-95.497409,37.477232,"Advance Publications, Liberty Media, Capital Group Companies, The Vanguard Group, Mitsubishi UFJ Financial Group, Nippon Life, Meiji Yasuda Life, Norinchukin Bank, Resona Holdings, Sumitomo Mitsui Trust Holdings, Masayoshi Son, JPMorgan Chase, Citigroup, Baillie Gifford","[0, 1, 0, 2, 0]","[0, 5, 3, 1, 2]"
Sportskeeda,0.1499999999999999,74455,0,20,,,,"[0, 0, 1, 0, 1]","[1, 4, 9, 1, 3]"
St. Louis Jewish Light,1.52,523,0,25,,,,"[0, 2, 0, 0, 6]","[1, 0, 0, 2, 14]"
Star Advertiser,-0.09756097560975618,116394,0,41,-157.872414,21.299458,"Torstar, David Black","[1, 8, 0, 0, 3]","[1, 15, 3, 3, 7]"
Star Tribune,-0.5833333333333333,106901,-1,36,-93.255769,44.97415,Glen Taylor,"[0, 4, 0, 0, 2]","[2, 21, 5, 0, 2]"
Stars and Stripes,-0.125,21148,0,48,-77.044893,38.895608,United States Department of Defense,"[0, 8, 0, 1, 5]","[2, 19, 3, 6, 4]"
Straight Arrow News,1.0135135135135136,10523,0,74,,,,"[1, 5, 0, 0, 12]","[3, 9, 2, 11, 31]"
StratfordToday.ca,-0.574468085106383,9973,0,94,,,,"[1, 20, 2, 1, 6]","[0, 52, 8, 1, 3]"
Stv,-0.5263157894736843,78771,0,19,-3.979931,56.259883,,"[3, 6, 0, 0, 0]","[0, 4, 2, 2, 2]"
Sun-Sentinel,-0.09090909090909083,17149,0,22,-80.102504,26.315626,Alden Global Capital,"[0, 3, 0, 1, 0]","[1, 10, 1, 0, 6]"
SuperHits 103.7 COSY-FM,0.28260869565217384,7468,0,46,,,,"[0, 2, 6, 1, 2]","[2, 8, 11, 6, 8]"
Sydney Morning Herald,-0.2844036697247707,297326,-1,109,151.212676,-33.823868,Nine Entertainment Co.,"[4, 10, 4, 2, 5]","[9, 39, 16, 8, 12]"
SyriacPress,-0.41666666666666674,911,0,12,,,,"[0, 2, 0, 1, 0]","[1, 5, 1, 1, 1]"
TAG24,0.06666666666666687,3937,0,30,,,,"[4, 2, 0, 0, 6]","[5, 5, 0, 1, 7]"
TALK! 100.7 FM,0.1333333333333333,1449,0,45,,,,"[0, 1, 10, 1, 1]","[1, 6, 18, 2, 5]"
TDPel Media,0.23076923076923084,3498,0,13,,,,"[0, 3, 0, 1, 0]","[0, 3, 2, 0, 4]"
TRT World,-1.1176470588235294,10996,2,51,29.040758,41.004738,Government of Turkey,"[5, 3, 0, 1, 1]","[25, 9, 1, 0, 6]"
Taipei Times,0.0,58951,-1,17,121.553412,25.033022,,"[0, 3, 0, 1, 1]","[0, 6, 2, 2, 2]"
Telesur,-1.218543046357616,13626,-2,151,-66.904161,10.480127,,"[11, 5, 0, 0, 4]","[73, 43, 2, 2, 11]"
The Algemeiner,1.1920000000000002,9493,1,250,-73.986928,40.705619,,"[1, 4, 0, 0, 14]","[16, 36, 3, 8, 168]"
The American Spectator,2.0,13221,2,15,-77.041836,38.803357,,"[0, 0, 0, 0, 3]","[0, 0, 0, 0, 12]"
The Arab Posts,-0.08771929824561409,508,0,57,,,,"[2, 5, 1, 2, 5]","[1, 24, 5, 6, 6]"
The Arabian Stories News,-0.5833333333333333,3105,0,12,,,,"[1, 1, 1, 0, 1]","[1, 4, 3, 0, 0]"
The Atlantic,-0.09090909090909083,19852,-1,11,-77.054703,38.900721,Laurene Powell Jobs,"[0, 1, 0, 0, 1]","[2, 4, 0, 0, 3]"
The Bahart Express News,0.11764705882352944,8084,0,51,77.508968,28.492147,,"[0, 0, 6, 1, 0]","[7, 2, 22, 5, 8]"
The Blaze,1.380952380952381,59395,2,21,-94.945729,39.040462,Blaze Media,"[0, 0, 0, 0, 3]","[2, 1, 1, 0, 14]"
The Canary,-2.0,3428,-2,22,-1.971141,52.339341,,"[3, 0, 0, 0, 0]","[19, 0, 0, 0, 0]"
The Canberra Times,-0.3500000000000001,31894,-1,20,149.130096,-35.280865,Australian Community Media,"[0, 2, 0, 0, 0]","[0, 9, 7, 0, 2]"
The Christian Post,1.6969696969696968,15880,1,33,,,,"[0, 1, 0, 1, 4]","[1, 0, 0, 2, 24]"
The Christian Science Monitor,-0.6818181818181819,17332,0,22,-71.053034,42.376092,"The First Church of Christ, Scientist","[0, 5, 0, 0, 0]","[0, 14, 1, 0, 2]"
The Citizen,-0.6037735849056605,56236,0,53,39.216704,-6.760711,Mwananchi Communications Ltd,"[2, 13, 0, 1, 2]","[3, 25, 1, 1, 5]"
The College Fix,0.4166666666666665,2628,2,12,,,,"[0, 0, 0, 0, 0]","[4, 1, 0, 0, 7]"
The Columbian,-0.6017699115044248,40668,0,113,-122.550926,45.6374,,"[2, 24, 0, 1, 3]","[10, 49, 9, 8, 7]"
The Conversation,-0.47058823529411775,39145,0,34,,,,"[1, 7, 0, 0, 0]","[3, 15, 0, 2, 6]"
The Daily Caller,2.0,131025,2,40,-77.029719,38.917567,"Tucker Carlson, Neil Patel","[0, 0, 0, 0, 6]","[0, 0, 0, 0, 34]"
The Daily Signal,1.9545454545454546,11483,2,22,-77.028332,38.905089,The Heritage Foundation,"[0, 0, 0, 0, 6]","[0, 0, 0, 1, 15]"
The Daily Wire,1.8470588235294119,61174,2,85,-86.786976,36.179965,Ben Shapiro,"[0, 0, 0, 2, 17]","[0, 3, 0, 2, 61]"
The DailyMail,-0.25,3624,0,12,,,,"[0, 3, 0, 1, 0]","[0, 5, 1, 0, 2]"
The Dispatch,0.1875,5023,0,16,,,"Stephen Hayes, Toby Stock, Jonah Goldberg","[0, 2, 0, 0, 1]","[2, 4, 1, 1, 5]"
The Eastern Herald,-0.6585365853658536,10155,0,41,,,,"[3, 4, 0, 0, 1]","[10, 14, 1, 1, 7]"
The Economic Times,0.15384615384615374,73462,0,130,,,Sahu Jain family,"[1, 9, 4, 0, 8]","[1, 44, 30, 5, 28]"
The Economist,-0.23076923076923084,9850,0,13,-0.130556,51.514587,"Agnelli family, Rothschild family, Cadbury family, Schroders","[1, 0, 0, 0, 1]","[1, 6, 1, 1, 2]"
The Electronic Intifada,-2.0,1663,-2,20,,,,"[4, 0, 0, 0, 0]","[16, 0, 0, 0, 0]"
The Epoch Times,0.8690476190476191,142574,2,168,-73.993567,40.704012,Epoch Media Group,"[1, 3, 1, 1, 24]","[5, 35, 17, 15, 66]"
The European Conservative,1.823529411764706,1530,0,17,,,,"[0, 0, 0, 0, 3]","[0, 1, 0, 0, 13]"
"The European Sting - Critical News & Insights on European Politics, Economy, Foreign Affairs, Busine",-1.1739130434782608,1280,0,46,,,,"[0, 2, 0, 0, 0]","[9, 34, 1, 0, 0]"
The European Times News,-1.1538461538461537,2343,0,26,,,,"[1, 0, 0, 0, 0]","[4, 20, 1, 0, 0]"
The Express Tribune,-0.6216216216216217,24495,0,111,70.395238,30.698244,,"[5, 14, 0, 1, 4]","[19, 46, 4, 6, 12]"
The Foreign Desk | by Lisa Daftari - Get the latest international news.,1.103448275862069,913,0,29,,,,"[0, 0, 1, 0, 1]","[0, 6, 2, 2, 17]"
The Forward,0.11627906976744207,7671,-1,43,,,,"[3, 0, 0, 1, 4]","[11, 8, 0, 0, 16]"
The Free Press,-0.4444444444444444,2030,1,18,,,Bari Weiss,"[3, 4, 0, 0, 1]","[2, 4, 0, 0, 4]"
The Free Press (Tampa),1.2954545454545454,25800,2,44,-82.449241,27.957538,,"[0, 2, 0, 0, 8]","[0, 4, 5, 3, 22]"
The Frontier Post,-0.35144927536231885,5213,0,276,,,,"[3, 15, 3, 5, 3]","[23, 124, 53, 11, 36]"
The Gateway Pundit,1.830769230769231,75203,2,65,-97.535553,38.247716,Jim Hoft,"[0, 0, 0, 0, 10]","[2, 1, 0, 0, 52]"
The Global Herald,-0.32167832167832167,14597,0,143,,,,"[4, 16, 6, 3, 6]","[7, 59, 17, 14, 11]"
The Globe & Mail,-0.32499999999999996,92108,0,80,-106.820865,55.821417,The Woodbridge Company,"[0, 11, 0, 0, 4]","[2, 42, 6, 7, 8]"
The Herald Scotland,-1.0909090909090908,81761,-1,11,-4.120052,56.691147,Gannett,"[1, 2, 1, 0, 0]","[1, 6, 0, 0, 0]"
The Hindu,-0.3359073359073359,617118,-1,259,78.256538,20.115335,The Hindu Group,"[3, 30, 2, 0, 15]","[15, 121, 32, 12, 29]"
The Hollywood Reporter,0.08333333333333348,38437,-1,12,-118.256981,34.062743,Eldridge Industries,"[0, 3, 0, 0, 0]","[0, 1, 5, 1, 2]"
The Independent,-0.5273775216138328,563871,-1,347,-0.106444,51.510428,Evgeny Lebedev,"[10, 24, 4, 2, 11]","[31, 184, 32, 15, 34]"
The Independent Uganda:,0.07142857142857162,3244,0,28,,,,"[0, 2, 1, 3, 2]","[3, 6, 6, 1, 4]"
The Intercept,-1.8461538461538463,4825,-2,13,-73.971806,40.737515,First Look Media,"[7, 0, 0, 0, 0]","[4, 2, 0, 0, 0]"
The Irish Sun,0.9482758620689653,20734,0,58,-8.256138,53.495332,,"[0, 5, 0, 2, 8]","[1, 6, 8, 6, 22]"
The Japan Times,0.3076923076923075,76013,0,39,136.031684,36.912844,"News2u Holdings, Inc.","[0, 6, 2, 0, 4]","[2, 4, 10, 4, 7]"
The Jewish Chronicle,1.2461538461538462,2701,1,260,,,,"[0, 2, 0, 6, 20]","[10, 37, 7, 19, 159]"
The Jewish World - Your gateway to Jewish life!,1.0833333333333335,170,0,12,,,,"[0, 0, 0, 0, 1]","[1, 1, 2, 0, 7]"
The Journal,-0.7580645161290323,35692,-1,62,-7.912296,53.175871,Ogden Newspapers,"[3, 5, 1, 0, 2]","[7, 36, 2, 2, 4]"
The Korea Times,-0.709090909090909,92282,-1,55,127.893613,36.309197,Dongwha Enterprise,"[0, 17, 0, 0, 1]","[2, 27, 4, 1, 3]"
The Kyiv Independent,0.7142857142857144,19929,-1,14,30.547587,50.421376,,"[0, 0, 0, 0, 2]","[0, 6, 0, 0, 6]"
The Latest News,0.25,5353,0,24,,,,"[1, 3, 0, 1, 2]","[0, 7, 2, 3, 5]"
The Legitimate,-0.4347826086956521,1866,0,23,,,,"[0, 2, 0, 0, 2]","[3, 11, 2, 1, 2]"
The Lima News,-0.9285714285714286,10512,0,14,-84.497015,34.248431,,"[0, 1, 0, 0, 0]","[0, 12, 1, 0, 0]"
The Maritime Executive,0.7777777777777777,12472,0,18,,,,"[0, 0, 0, 0, 2]","[0, 4, 3, 4, 5]"
The Media Line,0.3650793650793651,2620,2,252,,,,"[4, 14, 3, 1, 15]","[22, 77, 3, 22, 91]"
The Mercury news,-0.13636363636363646,119533,-1,22,-121.878779,37.330308,Alden Global Capital,"[0, 1, 0, 1, 3]","[0, 13, 2, 0, 2]"
The Munsif Daily,-0.270440251572327,16928,0,159,,,,"[2, 13, 1, 2, 7]","[11, 79, 11, 7, 26]"
The Muslim Times,-1.3552631578947367,1463,0,76,,,,"[5, 9, 0, 0, 1]","[36, 21, 0, 1, 3]"
The NOTL Local,-0.5777777777777777,9615,0,90,,,,"[1, 19, 2, 2, 5]","[0, 50, 7, 1, 3]"
The Namibian,-0.4545454545454546,14068,0,11,17.053109,-22.564061,,"[0, 1, 0, 0, 1]","[2, 5, 0, 1, 1]"
The National,-1.1325301204819276,31118,-1,83,-4.251764,55.86443,Gannett,"[4, 15, 1, 0, 3]","[22, 35, 2, 0, 1]"
The National Pulse,2.0,2907,2,14,,,,"[0, 0, 0, 0, 3]","[0, 0, 0, 0, 11]"
The New Arab,-0.8507936507936509,13065,-1,630,-0.121312,51.522173,Fadaat Media,"[9, 25, 0, 3, 9]","[166, 307, 38, 21, 52]"
The New York Ledger,0.8656716417910446,7391,0,67,,,,"[0, 2, 1, 2, 7]","[2, 15, 5, 3, 30]"
The New York Sun,1.2247191011235956,14948,2,89,-74.008334,40.725497,,"[1, 1, 1, 3, 13]","[4, 13, 0, 2, 51]"
The New Yorker,-0.7272727272727273,24738,-2,11,-74.041819,40.737111,Advance Publications,"[2, 2, 0, 0, 1]","[1, 4, 0, 0, 1]"
The News God,0.0,1185,0,18,,,,"[2, 2, 0, 0, 1]","[2, 4, 0, 2, 5]"
The News Mill,0.75,9292,0,20,,,,"[0, 2, 1, 0, 2]","[0, 5, 1, 0, 9]"
The Online Citizen,-0.9411764705882353,1518,0,17,,,,"[1, 4, 0, 0, 1]","[6, 3, 0, 1, 1]"
The Post Millennial,1.375,25568,2,24,-79.406972,43.618521,"Matthew Azrieli, Ali Taghva","[0, 0, 0, 0, 6]","[3, 1, 0, 0, 14]"
The Print,-0.36363636363636354,82805,1,11,77.19507,28.611715,,"[0, 0, 0, 0, 0]","[1, 6, 1, 2, 1]"
The Queenslander,-0.6666666666666667,2518,0,48,,,,"[1, 8, 0, 2, 1]","[3, 28, 0, 2, 3]"
The Rio Times,0.5789473684210527,16045,1,19,-51.977545,-14.943767,,"[0, 3, 0, 0, 1]","[0, 3, 4, 1, 7]"
The Savage Nation,1.2799999999999998,2468,0,50,,,,"[1, 0, 2, 0, 5]","[1, 3, 7, 1, 30]"
The Siasat Daily,-0.26415094339622636,15144,-1,212,,,,"[4, 10, 5, 2, 12]","[24, 95, 17, 7, 36]"
The Smart Citizen Report,0.54,2437,0,100,,,,"[3, 3, 0, 3, 9]","[9, 24, 5, 4, 40]"
The Spectator World,0.9375,10024,2,16,-2.273295,52.634353,,"[0, 1, 0, 1, 5]","[1, 3, 0, 0, 5]"
The Star Kuala Lumpur,-0.71875,341700,2,64,101.052537,5.015789,Star Media Group,"[3, 7, 2, 0, 0]","[6, 27, 15, 2, 2]"
The Straits Times,-0.3268482490272373,185076,1,514,103.826534,1.383266,Singapore Press Holdings,"[2, 26, 3, 6, 13]","[19, 287, 67, 27, 64]"
The Sun,1.053763440860215,235097,2,93,-1.966597,52.35208,Murdoch family,"[0, 6, 0, 4, 9]","[1, 12, 7, 12, 42]"
The Syrian Observer,-0.7692307692307692,1310,0,13,,,,"[0, 2, 0, 0, 0]","[0, 8, 3, 0, 0]"
The Telegraph,0.5882352941176472,202038,2,68,-0.155886,51.515336,"Press Holdings, David and Frederick Barclay","[0, 3, 0, 0, 10]","[1, 25, 2, 4, 23]"
The Thinking Conservative,1.6470588235294117,1872,2,17,,,,"[0, 1, 0, 0, 5]","[0, 1, 0, 0, 10]"
The Times of Israel,1.0301507537688441,39921,0,199,35.213359,31.768238,David Horovitz,"[0, 1, 4, 2, 14]","[7, 37, 17, 7, 110]"
The Times of Middle East,-0.9199999999999999,2389,0,150,,,,"[6, 14, 0, 1, 1]","[21, 93, 2, 4, 8]"
The US Sun,1.1204819277108435,23896,2,83,,,"Murdoch family, Privately held company","[0, 4, 0, 3, 11]","[0, 12, 5, 12, 36]"
The Vaultz News,-0.4363636363636363,3561,0,55,,,,"[5, 2, 0, 1, 6]","[10, 19, 4, 2, 6]"
The Washington Free Beacon,1.6785714285714284,10197,2,56,-77.044059,38.896017,,"[0, 0, 0, 0, 8]","[3, 2, 0, 0, 43]"
The Washington Post,-0.6363636363636365,235245,-1,154,,,Jeff Bezos,"[1, 19, 2, 3, 5]","[7, 93, 14, 3, 7]"
The Week,-0.4347826086956521,10720,-1,23,-77.033414,38.918489,Dennis Publishing,"[0, 1, 2, 2, 0]","[0, 15, 0, 2, 1]"
The West Australian,-0.23076923076923084,143043,1,104,130.443518,-23.529751,Kerry Stokes,"[0, 11, 4, 1, 7]","[5, 45, 15, 5, 11]"
The Western Journal,1.9393939393939394,39513,2,33,-112.063462,33.430082,,"[0, 0, 0, 0, 5]","[0, 0, 1, 0, 27]"
The Whistler Nigeria,0.34482758620689635,6696,0,29,,,,"[1, 2, 1, 1, 3]","[3, 5, 3, 2, 8]"
The World Without Fake News!,-0.2127659574468086,6259,0,47,,,,"[1, 3, 0, 0, 3]","[2, 26, 1, 3, 8]"
The Wrap,0.0,8921,-1,15,-96.290525,34.800993,,"[1, 1, 1, 2, 1]","[1, 2, 4, 1, 1]"
The Zambian Observer,-0.04347826086956519,65202,0,23,28.391404,-13.121886,,"[1, 3, 0, 1, 1]","[1, 7, 4, 0, 5]"
TheAltWorld,-1.2777777777777777,815,0,18,,,,"[2, 0, 0, 0, 2]","[12, 1, 0, 0, 1]"
"ThePress United | International News Analysis, Viewpoint",0.3529411764705883,6513,0,102,,,,"[1, 5, 1, 2, 10]","[11, 31, 3, 2, 36]"
Thelocalreport.in,1.0416666666666665,8521,0,96,,,,"[0, 3, 1, 1, 10]","[3, 19, 4, 3, 52]"
Thorold Today,-0.6170212765957446,63853,0,94,,,,"[1, 20, 1, 1, 7]","[1, 51, 10, 2, 0]"
Time Magazine,-0.13207547169811318,36011,-1,53,-95.651554,37.11675,Marc Benioff,"[4, 5, 1, 0, 7]","[6, 15, 5, 1, 9]"
Time News,-0.5714285714285714,7956,0,56,,,,"[1, 6, 1, 0, 1]","[12, 22, 3, 0, 10]"
Times Live,-0.5074626865671641,75992,1,67,28.035112,-26.203001,,"[1, 11, 0, 1, 3]","[3, 35, 5, 3, 5]"
Times of Malta,-0.53125,24854,0,64,,,Strickland Foundation,"[0, 14, 0, 1, 3]","[7, 26, 5, 3, 5]"
Timmins Today,-0.6627906976744187,64417,0,86,,,,"[1, 20, 1, 1, 5]","[1, 47, 8, 1, 1]"
Today,0.11111111111111116,12965,-1,18,-96.197339,36.691317,,"[0, 4, 2, 0, 2]","[0, 3, 4, 1, 2]"
Toronto Sun,-0.13684210526315788,117181,2,95,-79.399116,43.629824,"Leon Cooperman, Allianz","[1, 15, 0, 1, 6]","[2, 38, 13, 5, 14]"
Townhall,1.6296296296296298,21991,2,54,,,Salem Media Group,"[1, 1, 1, 0, 10]","[2, 1, 0, 0, 38]"
TradeWinds | Latest shipping and maritime news,-0.10526315789473695,8781,0,19,,,,"[0, 2, 2, 0, 0]","[0, 2, 11, 2, 0]"
Tribune Chronicle,-0.5454545454545454,17284,0,22,-80.813954,41.234645,,"[0, 4, 0, 1, 1]","[0, 14, 0, 1, 1]"
Tribune Online,0.47058823529411775,6768,0,17,,,,"[0, 1, 1, 1, 2]","[0, 3, 4, 3, 2]"
Truthout,-1.8412698412698414,12147,-2,63,-121.48381,38.568467,Independent,"[7, 3, 0, 0, 0]","[49, 3, 0, 0, 1]"
Tuko.co.ke - Kenya news.,-0.41666666666666674,12517,0,12,,,,"[0, 1, 0, 0, 0]","[0, 4, 7, 0, 0]"
Twitchy,2.0,48338,2,33,-95.396449,37.354531,Salem Media Group,"[0, 0, 0, 0, 6]","[0, 0, 0, 0, 27]"
U-S-NEWS.COM,1.75,6414,0,16,,,,"[0, 0, 0, 0, 1]","[1, 0, 0, 0, 14]"
U.S. News,-0.6714285714285715,33841,-1,70,-74.014119,40.72118,Mortimer Zuckerman,"[0, 11, 0, 0, 1]","[1, 47, 3, 3, 4]"
UN News,-1.1754385964912282,14915,-1,57,-74.018557,40.714875,,"[1, 2, 0, 0, 0]","[11, 42, 0, 1, 0]"
UPI,0.25396825396825395,110359,0,126,-77.031552,38.916462,News World Communications,"[2, 12, 0, 2, 12]","[5, 40, 10, 14, 29]"
USA Today,0.40476190476190466,381449,-1,42,-96.916557,37.562989,Gannett,"[0, 7, 1, 3, 7]","[2, 9, 1, 4, 8]"
UWI,1.9214501510574018,1843,0,331,,,,"[0, 0, 0, 0, 30]","[4, 2, 1, 2, 292]"
Uncanceled News,1.559322033898305,2719,0,59,,,,"[0, 0, 0, 0, 6]","[2, 4, 1, 4, 42]"
Usa news,0.0,5717,0,24,,,,"[0, 6, 2, 0, 1]","[0, 6, 4, 0, 5]"
VINnews,1.4748743718592965,6514,0,398,,,,"[1, 6, 0, 0, 32]","[6, 39, 13, 20, 281]"
VOA News,-0.2829268292682927,118494,0,205,-94.701127,39.944317,U.S. Agency for Global Media,"[1, 22, 3, 2, 6]","[14, 95, 19, 11, 32]"
Variety,-0.9285714285714286,130679,-1,14,-118.231902,34.063621,Penske Media Corporation,"[0, 0, 1, 0, 0]","[4, 7, 1, 0, 1]"
Vatican News,-0.9318181818181819,11532,1,44,,,,"[3, 3, 1, 1, 1]","[6, 25, 3, 0, 1]"
Verve times,-0.5333333333333334,3550,0,15,,,,"[1, 3, 0, 1, 0]","[0, 7, 1, 1, 1]"
Voice of Nigeria,-0.4642857142857142,5261,0,56,,,,"[0, 3, 0, 2, 1]","[5, 31, 3, 8, 3]"
Vox Political,-0.5454545454545454,785,0,11,,,,"[1, 0, 0, 0, 0]","[6, 0, 0, 0, 4]"
WABC,0.3076923076923075,3992,2,13,,,,"[0, 2, 1, 0, 1]","[1, 2, 2, 0, 4]"
WAPT,-0.3076923076923077,52060,0,78,-90.193829,32.301753,Hearst Communications,"[0, 22, 0, 1, 5]","[1, 34, 2, 3, 10]"
WBAL,-0.3214285714285714,25210,0,56,-76.614011,39.289712,Hearst Communications,"[0, 15, 1, 3, 1]","[1, 23, 1, 5, 6]"
WBAL-TV,-0.3466666666666667,57432,0,75,-76.599707,39.29733,Hearst Communications,"[0, 20, 1, 1, 4]","[2, 33, 2, 2, 10]"
WBIR,-0.6571428571428573,22285,0,35,,,Tegna Inc.,"[1, 11, 0, 0, 1]","[0, 18, 0, 2, 2]"
WCSH,-0.6399999999999999,26391,-1,50,-70.265813,43.658132,Tegna Inc.,"[2, 16, 0, 0, 1]","[1, 23, 0, 3, 4]"
WCVB,-0.33333333333333326,83785,0,78,-71.059134,42.342659,Hearst Communications,"[0, 22, 0, 1, 5]","[1, 35, 2, 2, 10]"
WDC TV News,-0.4509803921568627,6198,0,51,,,,"[2, 12, 2, 0, 3]","[1, 23, 0, 4, 4]"
WDSU,-0.24691358024691357,65268,0,81,-90.072004,29.9506,Hearst Communications,"[0, 21, 0, 1, 6]","[1, 34, 5, 2, 11]"
WESH,-0.3999999999999999,67209,0,75,-81.588537,27.718946,Hearst Communications,"[0, 21, 0, 1, 4]","[1, 35, 2, 3, 8]"
WFAA 8abc,-0.7352941176470589,37346,0,34,-96.795868,32.769528,Tegna Inc.,"[3, 9, 0, 0, 1]","[0, 17, 1, 1, 2]"
WGAL,-0.33846153846153837,35374,0,65,-76.303864,40.040435,Hearst Communications,"[0, 18, 0, 1, 3]","[1, 28, 3, 3, 8]"
WHDH,-0.5686274509803921,56823,-1,51,-71.047974,42.366373,Sunbeam Television,"[0, 8, 0, 3, 2]","[3, 29, 2, 1, 3]"
WIN,1.6843971631205674,5801,2,846,34.980092,30.922519,,"[0, 2, 0, 1, 40]","[25, 30, 24, 22, 702]"
WISH-TV,-0.2142857142857142,53083,-1,14,-86.135922,39.783496,,"[0, 1, 0, 0, 1]","[1, 6, 2, 2, 1]"
WISN,-0.4078947368421053,59113,0,76,-87.921914,43.030956,Hearst Communications,"[0, 23, 0, 1, 4]","[1, 34, 2, 3, 8]"
WJCL,-0.4347826086956521,23214,0,69,,,Hearst Communications,"[0, 20, 0, 1, 4]","[1, 33, 1, 2, 7]"
WKMG,-0.6602564102564104,91490,0,156,-81.390409,28.553057,Graham Holdings,"[3, 26, 0, 0, 6]","[9, 91, 7, 2, 12]"
WKYC,-0.6140350877192982,24591,0,57,-81.712857,41.514639,Tegna Inc.,"[1, 13, 1, 0, 3]","[3, 29, 1, 3, 3]"
WLKY,-0.3125,68444,0,80,-85.782261,38.28159,Hearst Communications,"[0, 23, 1, 1, 5]","[1, 34, 2, 3, 10]"
WLTReport,1.7428571428571429,8378,2,35,,,,"[0, 0, 0, 0, 6]","[2, 0, 0, 1, 26]"
WLTX,-0.5294117647058822,23986,0,17,-81.027439,34.00466,Tegna Inc.,"[0, 8, 0, 0, 1]","[0, 6, 0, 1, 1]"
WLWT,-0.2727272727272727,78220,0,66,-84.51239,39.105262,Hearst Communications,"[0, 18, 0, 1, 4]","[1, 28, 2, 3, 9]"
WMTW,-0.29729729729729737,55771,0,74,-70.267833,43.65474,,"[0, 21, 0, 1, 4]","[1, 32, 2, 2, 11]"
WMUR,-0.3466666666666667,74548,0,75,-71.528106,43.069563,Hearst Communications,"[0, 21, 0, 1, 5]","[1, 34, 2, 2, 9]"
WND,1.58,47644,2,100,-122.867587,42.324455,,"[0, 2, 0, 0, 18]","[6, 3, 0, 3, 68]"
WPBF,-0.23376623376623384,36867,0,77,,,Hearst Communications,"[0, 21, 2, 1, 7]","[1, 31, 2, 3, 9]"
WPLG,-0.5872093023255813,96893,0,172,-80.198804,25.764527,Howard Buffett,"[1, 25, 0, 2, 7]","[5, 108, 9, 2, 13]"
WPTZ,-0.32432432432432434,56068,0,74,-73.454211,44.70007,Hearst Communications,"[0, 21, 0, 1, 6]","[1, 33, 1, 3, 8]"
WSVN,-0.33333333333333326,48509,-1,57,-80.192976,25.761349,Sunbeam Television,"[0, 17, 0, 1, 3]","[0, 23, 3, 6, 4]"
WTAE,-0.3116883116883118,64690,0,77,-79.9908,40.430244,Hearst Communications,"[0, 22, 0, 1, 6]","[1, 34, 1, 3, 9]"
WTVB,-0.3870967741935485,65473,0,155,,,Midwest Communications,"[0, 9, 5, 4, 3]","[2, 82, 37, 1, 12]"
WTX News,-0.625,5515,0,64,,,,"[5, 4, 3, 1, 3]","[8, 29, 3, 4, 4]"
WVTM,-0.36363636363636354,53745,0,77,-86.810873,33.498209,Hearst Communications,"[0, 22, 0, 1, 5]","[1, 35, 2, 2, 9]"
WWBL,1.6956521739130435,20812,0,115,-87.174387,38.66302,,"[2, 1, 0, 1, 14]","[0, 2, 6, 5, 84]"
WXII,-0.2857142857142858,33192,0,63,-81.698059,35.701078,Hearst Communications,"[0, 19, 0, 1, 4]","[1, 26, 1, 2, 9]"
WYFF,-0.4027777777777777,64814,0,72,-82.385853,34.856059,Hearst Communications,"[0, 22, 0, 1, 4]","[1, 32, 2, 2, 8]"
Washington Examiner,1.2654867256637168,167182,1,113,-77.042781,38.89986,Philip Anschutz,"[0, 5, 0, 1, 21]","[6, 12, 2, 3, 63]"
Washington Jewish Week,1.4500000000000002,333,0,20,,,,"[0, 1, 0, 0, 1]","[0, 1, 1, 3, 13]"
Washington Times,-0.11728395061728403,274261,1,162,-95.360507,37.283903,The Washington Times LLC,"[0, 19, 0, 3, 12]","[2, 85, 7, 6, 28]"
Washington Top News,-0.49079754601227,112630,0,163,-77.023528,38.905053,Hubbard Broadcasting,"[1, 24, 6, 4, 5]","[0, 84, 29, 4, 6]"
West Hawaii Today,-0.3448275862068966,21685,-1,58,,,"Torstar, David Black","[1, 7, 0, 1, 5]","[2, 31, 2, 5, 4]"
Winnipeg Free Press,-0.7228915662650603,197028,0,166,-97.137863,49.894156,,"[1, 22, 0, 0, 5]","[3, 115, 11, 3, 6]"
Winnipeg Sun,-0.24,17730,1,25,,,"Leon Cooperman, Allianz","[0, 3, 0, 0, 0]","[0, 12, 5, 1, 4]"
Workers Revolutionary Party,-1.9782608695652173,537,0,46,,,,"[5, 1, 0, 0, 0]","[40, 0, 0, 0, 0]"
World ABC News,-0.5862068965517242,6892,0,58,,,,"[2, 9, 1, 1, 4]","[6, 25, 5, 3, 2]"
World News | TakeToNews,0.5714285714285716,3801,0,14,,,,"[0, 0, 0, 0, 0]","[2, 2, 1, 4, 5]"
World Socialist Web Site,-1.8823529411764706,32978,-2,34,-92.561491,37.247529,International Committee of the Fourth International,"[7, 0, 0, 0, 0]","[26, 0, 0, 0, 1]"
World Stock Market,0.615023474178404,6288,0,213,,,,"[0, 8, 2, 0, 23]","[5, 74, 11, 3, 87]"
Worthy Christian News,1.7252747252747254,1799,0,91,,,,"[0, 1, 0, 1, 12]","[0, 5, 1, 4, 67]"
Wral News,-0.16666666666666674,69650,0,12,-78.646742,35.778477,Capitol Broadcasting Company,"[0, 0, 0, 0, 0]","[1, 6, 1, 2, 2]"
Xinhua,-0.16129032258064524,9991,-2,31,101.72247,33.967556,Chinese Communist Party,"[0, 1, 3, 0, 1]","[0, 13, 9, 1, 3]"
YemenExtra,-1.5507246376811594,712,0,138,,,,"[7, 2, 0, 0, 1]","[98, 19, 3, 1, 7]"
Yes Punjab,-0.34782608695652173,5015,0,23,,,,"[0, 2, 0, 0, 1]","[2, 11, 3, 1, 3]"
Yeshiva World News,1.5634095634095635,7935,1,481,,,,"[1, 1, 2, 0, 40]","[10, 21, 30, 36, 340]"
Ynet News,1.1060948081264108,10567,-1,443,34.786136,32.086777,,"[2, 2, 4, 7, 20]","[13, 66, 27, 63, 239]"
Your Blog Domain,0.8305084745762712,11072,0,59,,,,"[0, 3, 1, 0, 13]","[4, 8, 8, 2, 20]"
Zawya,-0.4736842105263157,14803,0,19,,,,"[0, 1, 1, 0, 0]","[2, 4, 11, 0, 0]"
Zero Hedge,1.02,34997,2,100,-95.030024,36.713151,,"[2, 3, 0, 0, 12]","[9, 11, 4, 4, 55]"
abbtakk.tv,-0.6578947368421053,3226,0,76,,,,"[3, 6, 0, 1, 4]","[16, 27, 13, 0, 6]"
abc 7 Chicago,-0.2666666666666666,88063,0,15,-87.629231,41.884436,The Walt Disney Company,"[0, 2, 2, 0, 1]","[1, 4, 4, 0, 1]"
abc 7 LA,0.08571428571428585,83704,0,35,-118.245437,34.05222,The Walt Disney Company,"[0, 4, 6, 0, 3]","[0, 4, 15, 1, 2]"
abc 7 NY,0.4545454545454546,81684,0,11,-74.01174,40.704239,The Walt Disney Company,"[0, 2, 0, 0, 1]","[0, 1, 3, 2, 2]"
abc News,-0.06779661016949157,377271,-1,236,-92.15078,37.337252,The Walt Disney Company,"[3, 1, 27, 1, 1]","[6, 23, 160, 5, 9]"
afnn.us,1.5294117647058822,1852,0,17,,,,"[2, 0, 0, 0, 3]","[0, 0, 0, 0, 12]"
allAfrica,-1.1176470588235294,117562,0,17,23.129235,-30.641433,Amadou Mahtar Ba,"[0, 0, 0, 0, 0]","[4, 11, 2, 0, 0]"
altnews.org,0.9595375722543351,16045,0,173,,,,"[6, 1, 0, 0, 16]","[31, 7, 3, 2, 107]"
anarchistfederation.net,-1.8666666666666667,6021,0,15,,,,"[1, 0, 0, 0, 0]","[12, 2, 0, 0, 0]"
anash.org,1.8979591836734695,1209,0,49,,,,"[0, 0, 0, 0, 6]","[0, 1, 1, 0, 41]"
anews.com.tr,-0.7647058823529411,1963,0,34,,,,"[1, 1, 1, 0, 0]","[11, 10, 5, 1, 4]"
arabobserver.com,-1.0238095238095237,707,0,168,,,,"[12, 4, 0, 0, 4]","[77, 42, 5, 4, 20]"
arcamax.com,-0.08333333333333326,6368,1,36,,,,"[0, 5, 0, 1, 6]","[1, 16, 3, 1, 3]"
archyde,-0.6666666666666667,7326,0,48,,,,"[1, 8, 1, 0, 1]","[7, 21, 2, 3, 4]"
asianlite.com,0.5666666666666669,821,0,30,,,,"[0, 0, 0, 0, 5]","[1, 13, 0, 0, 11]"
asiapacificreport.nz,-1.8888888888888888,490,0,27,,,,"[5, 0, 0, 0, 0]","[19, 3, 0, 0, 0]"
australianjewishnews.com,1.392156862745098,4160,0,51,,,,"[0, 0, 1, 4, 9]","[1, 5, 1, 4, 26]"
awazthevoice.in,0.8571428571428572,4343,0,42,,,,"[0, 4, 0, 1, 5]","[5, 2, 2, 5, 18]"
barlamantoday.com,-0.7590361445783131,3586,0,83,,,,"[4, 12, 2, 0, 2]","[16, 28, 12, 1, 6]"
belganewsagency.eu,-0.588235294117647,1605,0,17,,,,"[0, 3, 1, 0, 0]","[1, 8, 2, 1, 1]"
bhaskarlive.in,-0.35483870967741926,7269,0,93,,,,"[1, 4, 2, 2, 3]","[10, 35, 23, 6, 7]"
blkalerts.com,-0.5686274509803921,4099,0,51,,,,"[1, 7, 1, 0, 2]","[5, 27, 1, 1, 6]"
burlingtontoday.com,-0.5542168674698795,9799,0,83,,,,"[1, 18, 1, 1, 6]","[0, 44, 9, 1, 2]"
bwcentral.org,0.9230769230769229,1302,0,13,,,,"[0, 0, 0, 0, 2]","[1, 3, 0, 1, 6]"
caitlinjohnst.one,-1.1428571428571428,153,0,14,,,,"[3, 0, 0, 0, 0]","[8, 0, 0, 0, 3]"
caitlinjohnstone.com.au,-1.0588235294117647,169,0,17,,,,"[5, 0, 0, 0, 2]","[8, 0, 0, 0, 2]"
canadanewsvideo.com,0.01086956521739113,17513,0,92,,,,"[3, 6, 3, 0, 8]","[3, 37, 9, 6, 17]"
capitalisminstitute.org,1.25,3059,0,36,,,,"[0, 1, 0, 0, 3]","[0, 6, 2, 2, 22]"
castanet.net,-0.28846153846153855,61079,0,52,-119.484672,49.894617,,"[1, 11, 2, 2, 4]","[1, 21, 3, 3, 4]"
catholicworldreport.com,-0.3076923076923077,2161,2,13,,,,"[0, 1, 0, 0, 1]","[1, 5, 4, 0, 1]"
charismanews.com,2.0,1295,0,16,,,,"[0, 0, 0, 0, 1]","[0, 0, 0, 0, 15]"
coastaldigest.com,0.11111111111111116,402,0,18,,,,"[2, 1, 0, 0, 0]","[5, 1, 0, 0, 9]"
connectedtoindia.com,0.48571428571428577,1782,0,35,,,,"[0, 4, 0, 4, 3]","[0, 8, 2, 9, 5]"
crosswalk.com,1.9285714285714284,733,0,14,,,,"[0, 0, 0, 0, 1]","[0, 0, 0, 1, 12]"
cybernistas.com,1.4405594405594404,14668,0,143,,,,"[0, 1, 2, 1, 12]","[6, 8, 10, 4, 99]"
dagens.com,-0.75,8878,0,12,,,,"[0, 1, 1, 0, 1]","[1, 8, 0, 0, 0]"
dailyexcelsior.com,-0.36363636363636354,6768,0,22,,,,"[0, 3, 1, 0, 0]","[1, 9, 4, 2, 2]"
dailythedestination.com,-0.6470588235294117,3070,0,34,,,,"[1, 1, 1, 1, 2]","[7, 17, 0, 1, 3]"
democraticaccent.com,1.2765957446808511,6888,0,94,,,,"[0, 3, 0, 0, 13]","[5, 10, 3, 3, 57]"
digitalchew.com,0.7826086956521738,1702,0,23,,,,"[1, 0, 0, 0, 3]","[0, 8, 0, 0, 11]"
dohanews.co,-1.09375,3320,0,32,,,,"[3, 2, 0, 0, 0]","[12, 11, 0, 0, 4]"
dropsitenews.com,-1.4347826086956523,171,-2,23,,,,"[4, 0, 0, 0, 3]","[15, 1, 0, 0, 0]"
eNCA,-0.49122807017543857,20527,0,57,,,E.tv,"[0, 4, 1, 0, 2]","[2, 37, 3, 3, 5]"
ecnetnews.com,-0.23076923076923084,6153,0,26,,,,"[1, 3, 0, 0, 1]","[3, 8, 3, 3, 4]"
einnews.com,0.17277486910994755,27827,0,382,,,,"[2, 15, 5, 0, 9]","[29, 145, 35, 14, 128]"
ekohotblog.com,-0.17391304347826098,4813,0,46,,,,"[1, 5, 1, 0, 4]","[5, 17, 3, 2, 8]"
elrisala.com,0.032258064516129004,8805,0,31,,,,"[1, 1, 0, 2, 1]","[3, 9, 6, 1, 7]"
eutoday.net,0.2666666666666666,1396,0,15,,,,"[0, 3, 0, 1, 1]","[0, 5, 0, 1, 4]"
excelsio.net,0.6499999999999999,255,0,20,,,,"[2, 0, 2, 0, 0]","[1, 1, 3, 2, 9]"
expaTimes,0.0625,4411,0,16,,,,"[0, 3, 0, 1, 0]","[0, 6, 1, 1, 4]"
famagusta-gazette.com,-0.26190476190476186,1723,0,126,,,,"[2, 7, 3, 1, 4]","[10, 48, 30, 5, 16]"
fitzhugh.ca,-0.6049382716049383,12243,0,81,,,,"[1, 17, 1, 1, 6]","[0, 46, 7, 1, 1]"
flamboroughtoday.com,-0.5888888888888888,8574,0,90,,,,"[1, 19, 3, 1, 7]","[0, 51, 5, 2, 1]"
fox40jackson.com,1.7422680412371134,6342,0,97,,,,"[0, 1, 0, 0, 9]","[3, 0, 4, 2, 78]"
foxwilmington.com,1.7333333333333334,4436,0,60,,,,"[0, 0, 0, 0, 13]","[1, 2, 3, 0, 41]"
franktrades.com,1.5,3858,0,26,,,,"[0, 0, 0, 0, 9]","[2, 1, 1, 0, 13]"
freepress.org,-0.9166666666666667,351,-2,12,,,,"[1, 0, 0, 0, 0]","[7, 1, 0, 0, 3]"
gCaptain,0.7826086956521738,1838,0,23,,,,"[0, 0, 0, 1, 1]","[0, 3, 8, 2, 8]"
gamereactor.eu,0.16666666666666652,5080,0,30,,,,"[0, 4, 4, 0, 2]","[0, 5, 10, 0, 5]"
ghanamma.com,0.2142857142857144,17053,0,14,-0.865404,8.115026,,"[0, 1, 0, 3, 0]","[1, 3, 3, 0, 3]"
grandforksgazette.ca,-0.8181818181818181,12957,-1,11,,,,"[1, 5, 0, 0, 0]","[0, 4, 0, 0, 1]"
haltonhillstoday.ca,-0.6436781609195403,9473,0,87,,,,"[1, 20, 1, 0, 6]","[0, 49, 8, 1, 1]"
hive.news,-0.18181818181818188,6717,0,11,,,,"[1, 0, 0, 0, 1]","[0, 4, 4, 0, 1]"
https://ummid.com/,-1.1111111111111112,1103,0,27,,,,"[5, 2, 0, 0, 0]","[9, 7, 0, 1, 3]"
https://www.poncacitynews.com/,-0.21052631578947367,4904,0,19,,,,"[0, 3, 2, 0, 2]","[0, 6, 5, 1, 0]"
humenglish.com,-0.3955223880597014,4953,0,134,,,,"[3, 11, 3, 4, 5]","[16, 61, 8, 3, 20]"
hungarianconservative.com,1.75,1024,1,12,,,,"[0, 1, 0, 0, 3]","[0, 0, 0, 0, 8]"
i24NEWS,0.6363636363636362,13373,1,22,,,,"[1, 1, 0, 0, 1]","[3, 1, 2, 4, 9]"
i7 Hindi news,-0.6666666666666667,1273,0,39,,,,"[1, 10, 0, 0, 4]","[3, 19, 0, 1, 1]"
iNews,-0.41999999999999993,34224,-1,50,-0.110734,51.509371,"Alfred Harmsworth (barrister), Geraldine Mary Harmsworth, Patricia Harmsworth, Viscountess Rothermere","[2, 13, 0, 1, 4]","[1, 21, 2, 2, 4]"
ibtimes.co.za,-0.30000000000000004,1540,0,40,,,,"[0, 5, 0, 1, 3]","[2, 21, 2, 1, 5]"
imemc.org,-1.8307692307692307,1324,-2,65,,,,"[8, 2, 0, 0, 0]","[50, 3, 1, 0, 1]"
independentpress.cc,-0.766355140186916,2083,0,107,,,,"[5, 6, 2, 0, 4]","[30, 44, 1, 0, 15]"
informationliberation.com,0.17647058823529393,313,2,17,,,,"[1, 1, 0, 0, 3]","[6, 0, 0, 0, 6]"
insidepolitic.co.za,-0.9444444444444444,1248,0,18,,,,"[1, 3, 0, 0, 1]","[1, 12, 0, 0, 0]"
intellinews.com,0.46341463414634143,3389,0,41,,,,"[0, 3, 0, 1, 3]","[3, 11, 1, 6, 13]"
islamtimes.com,-0.9333333333333333,945,0,15,,,,"[0, 1, 0, 0, 0]","[6, 3, 4, 0, 1]"
israel365news.com,1.563380281690141,567,0,71,,,,"[1, 0, 0, 1, 7]","[3, 4, 1, 0, 54]"
jfjfp.com,-1.6153846153846154,414,0,52,,,,"[2, 1, 0, 0, 0]","[39, 7, 0, 0, 3]"
juancole.com,-1.4411764705882353,704,-2,34,,,,"[2, 2, 0, 0, 1]","[19, 9, 0, 0, 1]"
jurist.org,-0.3999999999999999,9697,-1,25,,,,"[1, 1, 0, 0, 1]","[7, 8, 0, 1, 6]"
khbrknews,0.1499999999999999,3104,0,20,,,,"[0, 4, 0, 0, 2]","[1, 6, 1, 1, 5]"
kurv.com,0.3500000000000001,2502,0,80,,,,"[3, 5, 1, 0, 13]","[9, 15, 11, 0, 23]"
livenowfox.com,0.6190476190476191,6329,0,21,,,,"[0, 6, 0, 0, 4]","[0, 3, 1, 0, 7]"
luxtimes.lu,0.3333333333333335,2112,0,18,,,,"[1, 3, 0, 0, 5]","[0, 4, 1, 3, 1]"
madhyamamonline.com,-0.5961538461538463,4975,0,104,,,,"[6, 8, 0, 0, 6]","[21, 43, 3, 3, 14]"
meadowlakeNOW,-0.41666666666666674,34538,0,60,,,,"[1, 8, 3, 3, 3]","[0, 30, 8, 2, 2]"
mediagazer.com,-1.0,3471,0,14,,,,"[0, 0, 0, 0, 0]","[1, 12, 1, 0, 0]"
mediatalkafrica.com,0.41463414634146334,8081,0,41,,,,"[0, 3, 0, 0, 4]","[2, 12, 5, 2, 13]"
milletnews.com,-0.96875,2453,0,32,,,,"[3, 0, 0, 0, 2]","[17, 3, 3, 0, 4]"
mnnofa.com,-0.6000000000000001,1161,0,25,,,,"[3, 5, 0, 0, 1]","[3, 7, 1, 3, 2]"
mycharisma.com,2.0,1241,0,19,,,,"[0, 0, 0, 0, 5]","[0, 0, 0, 0, 14]"
nationalworld.com,-0.36363636363636354,10671,-1,11,,,,"[0, 1, 0, 0, 0]","[0, 4, 5, 1, 0]"
newsaddicts.com,1.7333333333333334,2167,2,15,,,,"[0, 0, 0, 0, 5]","[1, 0, 0, 0, 9]"
newsday.com.ng,0.08333333333333348,1512,0,12,,,,"[0, 1, 0, 0, 1]","[1, 4, 2, 0, 3]"
newsmobile.in,0.8301886792452828,4028,0,53,,,,"[0, 2, 0, 2, 7]","[1, 12, 3, 8, 18]"
newstodaynet.com,0.16666666666666652,2310,0,24,,,,"[0, 1, 0, 0, 3]","[1, 11, 2, 0, 6]"
nexusnewsfeed.com,-0.8372093023255813,3804,0,43,,,,"[3, 0, 0, 0, 1]","[18, 11, 2, 1, 7]"
nigerianewspapers.net,-0.3846153846153846,4666,0,13,,,,"[2, 0, 0, 0, 2]","[0, 7, 1, 0, 1]"
npr,-0.5533333333333332,115258,-1,150,-77.050661,38.907465,"National Public Radio, Inc","[2, 22, 1, 0, 6]","[5, 86, 12, 5, 11]"
nuclear-news,-0.3571428571428572,2044,0,28,,,,"[4, 0, 0, 0, 2]","[11, 2, 0, 0, 9]"
oaklandnewsnowblog.com,0.1333333333333333,1482,0,30,,,,"[0, 3, 0, 0, 2]","[3, 11, 1, 0, 10]"
observatorial.com,0.22388059701492535,3922,0,67,,,,"[2, 2, 3, 1, 6]","[7, 14, 13, 2, 17]"
observerdiplomat.com,-0.5555555555555556,918,0,36,,,,"[2, 0, 0, 0, 6]","[14, 9, 0, 1, 4]"
oopstop.com,-0.7727272727272727,298,0,22,,,,"[1, 3, 0, 2, 2]","[6, 7, 0, 1, 0]"
overpassesforamerica.com,-0.7142857142857142,3975,2,14,,,,"[0, 1, 0, 0, 0]","[0, 11, 0, 2, 0]"
page.link,1.801282051282051,4931,0,468,,,,"[0, 0, 0, 0, 22]","[7, 13, 9, 8, 409]"
pantheonsite.io,-0.40476190476190466,13925,0,42,-84.37874,33.755301,,"[1, 8, 1, 0, 1]","[2, 19, 1, 4, 5]"
perspectivemedia.com,-0.3555555555555556,8924,0,45,,,,"[1, 5, 1, 2, 1]","[4, 20, 2, 3, 6]"
planet-today.com,1.5882352941176472,2610,0,17,,,,"[0, 0, 0, 0, 4]","[0, 2, 0, 1, 10]"
pokonews.com,-0.4691358024691359,6460,0,162,,,,"[1, 16, 1, 0, 6]","[24, 72, 10, 14, 18]"
realnewsnow.com,1.8461538461538463,4151,2,26,,,,"[0, 0, 0, 0, 4]","[1, 0, 0, 0, 21]"
regionalmedianews.com,-0.33464566929133865,11120,0,254,,,,"[0, 23, 4, 2, 7]","[3, 136, 41, 12, 26]"
republicpolicy.com,-0.6785714285714286,2128,0,28,,,,"[0, 3, 1, 0, 1]","[6, 10, 4, 2, 1]"
risingnepaldaily.com,-0.6153846153846154,5065,0,26,,,,"[0, 7, 1, 0, 1]","[0, 13, 3, 0, 1]"
rthk.hk,-0.3035714285714286,10221,0,56,,,Government of Hong Kong,"[0, 8, 1, 3, 4]","[0, 29, 5, 3, 3]"
sanilacbroadcasting.com,0.10000000000000009,1365,0,20,-82.424757,42.971116,,"[0, 2, 1, 1, 1]","[1, 7, 0, 4, 3]"
scheerpost.com,-1.7575757575757576,1847,-2,66,,,,"[10, 2, 0, 0, 0]","[49, 2, 0, 0, 3]"
sfdailyrecord.com,-0.31081081081081074,5671,0,74,,,,"[3, 1, 2, 1, 4]","[10, 26, 16, 1, 10]"
sgtreport.com,0.5185185185185186,7739,0,27,,,,"[2, 0, 0, 0, 4]","[8, 0, 0, 0, 13]"
southfront.press,0.7173913043478262,1756,0,46,105.643429,62.076114,,"[1, 5, 0, 0, 2]","[7, 4, 0, 0, 27]"
starsalert.com,-0.13636363636363646,19667,0,22,,,,"[1, 0, 1, 2, 1]","[0, 6, 10, 1, 0]"
startupbusinessready.com,0.5555555555555554,0,0,18,,,,"[0, 0, 1, 0, 1]","[0, 4, 6, 0, 6]"
stationgossip.com,1.9375,1480,0,16,,,,"[0, 0, 0, 0, 3]","[0, 0, 0, 1, 12]"
stratnewsglobal.com,-0.22222222222222232,3386,0,162,,,,"[1, 14, 1, 2, 13]","[11, 81, 4, 15, 20]"
swmdigital.io,0.5,1163,0,14,,,,"[0, 2, 0, 0, 2]","[0, 4, 1, 1, 4]"
tezzbuzz,-0.18181818181818188,7009,0,11,,,,"[0, 0, 1, 0, 1]","[3, 0, 5, 0, 1]"
tfppwire.com,1.0714285714285716,1016,2,14,,,,"[0, 0, 0, 0, 3]","[2, 1, 1, 0, 7]"
theafrica.co.za,-0.44999999999999996,11688,0,20,,,,"[0, 1, 0, 0, 2]","[3, 6, 8, 0, 0]"
thealbertan.com,-0.6741573033707866,41182,0,89,,,,"[1, 26, 1, 0, 3]","[0, 46, 7, 2, 3]"
theartistree.fm,-0.42105263157894735,875,0,19,,,,"[0, 1, 1, 0, 0]","[3, 7, 4, 0, 3]"
thedailyblog.co.nz,-1.9375,2111,0,16,,,,"[4, 0, 0, 0, 0]","[11, 1, 0, 0, 0]"
thefinancialanalyst.net,-0.34545454545454546,6220,0,55,,,,"[0, 5, 0, 1, 3]","[8, 26, 1, 1, 10]"
theindianawaaz.com,-0.23913043478260865,3156,0,46,,,,"[2, 7, 2, 0, 2]","[4, 12, 9, 0, 8]"
theinsightinternational.com,-0.05882352941176472,144,0,17,,,,"[0, 1, 0, 0, 2]","[1, 8, 1, 2, 2]"
theliberationnews.ng,-0.5,1751,0,12,,,,"[0, 1, 0, 0, 0]","[0, 9, 0, 0, 2]"
thelibertybeacon.com,1.5294117647058822,3164,0,17,,,,"[1, 0, 0, 0, 3]","[1, 0, 0, 0, 12]"
thepatriotlight.com,1.761467889908257,7448,2,109,,,,"[0, 1, 0, 0, 24]","[1, 3, 3, 4, 73]"
thepeoplesvoice.tv,0.8181818181818183,2431,2,11,,,,"[1, 0, 0, 0, 1]","[0, 3, 0, 0, 6]"
thepublicsradio.org,-0.3157894736842106,4514,0,57,,,,"[3, 8, 1, 0, 3]","[0, 26, 6, 4, 6]"
thepulseofnh.com,0.3529411764705883,2687,0,34,,,,"[0, 1, 4, 1, 0]","[0, 4, 15, 2, 7]"
thesudantimes.com,-0.6976744186046511,1760,0,43,,,,"[0, 8, 1, 2, 2]","[7, 19, 1, 1, 2]"
thetrentonline.com,0.1333333333333333,2023,0,15,,,,"[0, 2, 0, 2, 0]","[2, 3, 1, 1, 4]"
thisislagos.ng,-0.10000000000000009,1839,0,20,,,,"[3, 1, 1, 0, 3]","[2, 2, 4, 3, 1]"
tickernews.co,-0.07692307692307687,850,0,13,,,,"[0, 3, 0, 0, 1]","[0, 6, 0, 0, 3]"
timeskuwait.com,-0.36363636363636354,2545,0,11,,,,"[0, 3, 0, 0, 0]","[0, 4, 2, 1, 1]"
timesng.com,-0.18181818181818188,5247,0,11,,,,"[0, 1, 0, 0, 0]","[0, 6, 1, 1, 2]"
tippinsights,1.5499999999999998,1377,2,20,,,,"[0, 0, 0, 0, 3]","[0, 3, 0, 0, 14]"
tjvnews.com,1.7777777777777777,1580,0,135,,,,"[0, 1, 0, 2, 14]","[3, 4, 0, 1, 110]"
turkishminute.com,-0.6000000000000001,1529,0,30,,,,"[0, 2, 0, 0, 0]","[4, 15, 5, 1, 3]"
turkiyetoday.com,-0.6578947368421053,4572,0,190,28.79505,41.170948,,"[6, 16, 3, 0, 7]","[43, 69, 22, 4, 20]"
tv360nigeria.com,-0.15625,2696,0,32,,,,"[1, 6, 0, 2, 2]","[1, 13, 1, 0, 6]"
tvcnews.tv,0.1333333333333333,3776,0,30,,,,"[2, 2, 0, 0, 6]","[4, 6, 4, 0, 6]"
twz.com,1.25,647,0,12,,,,"[0, 1, 0, 0, 3]","[0, 2, 0, 0, 6]"
ugandanews.net,-0.4545454545454546,9421,0,11,,,,"[0, 0, 0, 0, 0]","[2, 4, 3, 1, 1]"
uk-times.com,-0.3928571428571428,7937,0,28,,,,"[1, 1, 0, 0, 0]","[3, 12, 4, 4, 3]"
upday,-0.38888888888888884,6328,0,54,,,,"[0, 13, 3, 2, 3]","[2, 20, 5, 4, 2]"
velvetclassic.net,-0.22222222222222232,5111,0,18,,,,"[0, 1, 1, 0, 0]","[1, 8, 3, 1, 3]"
vigilantnews.com,1.0,2398,2,11,,,,"[1, 1, 0, 0, 3]","[1, 0, 0, 0, 5]"
vtforeignpolicy.com,-0.25,1012,1,12,,,,"[3, 0, 0, 0, 0]","[3, 1, 0, 0, 5]"
webpressglobal.com,0.18181818181818166,816,0,44,,,,"[0, 2, 0, 0, 5]","[4, 16, 4, 2, 11]"
weeklyblitz.net,-0.33333333333333326,1763,0,12,,,,"[0, 2, 0, 0, 0]","[1, 6, 0, 0, 3]"
wng.org,0.9729729729729728,8996,2,37,,,,"[1, 0, 0, 1, 5]","[1, 7, 3, 2, 17]"
workers.org,-2.0,558,-2,13,,,,"[1, 0, 0, 0, 0]","[12, 0, 0, 0, 0]"
world-ne.ws,0.7954545454545454,3547,0,44,,,,"[0, 1, 3, 0, 4]","[2, 4, 12, 0, 18]"
worldcrunch.com,-0.7692307692307692,2645,-1,13,,,,"[0, 0, 0, 0, 0]","[2, 9, 0, 1, 1]"
wsjm.com,-0.04444444444444451,5614,0,45,,,,"[0, 2, 7, 1, 1]","[2, 9, 17, 2, 4]"
yourcapitalminds.com,1.0285714285714285,2313,0,70,,,,"[0, 3, 4, 0, 6]","[1, 9, 8, 4, 35]"
تلویزیون آمو,-0.8,2409,0,30,,,,"[2, 1, 0, 0, 0]","[3, 19, 1, 2, 2]"
شبكة الميادين,-0.8571428571428572,7969,-2,49,,,,"[2, 1, 0, 0, 1]","[22, 13, 1, 0, 9]"
عنب بلدي,-0.6363636363636365,2095,0,11,,,,"[0, 2, 0, 0, 0]","[0, 7, 1, 0, 1]"
読売新聞オンライン,-0.5617977528089888,63210,1,89,138.772282,38.147208,,"[1, 16, 0, 1, 5]","[2, 50, 8, 1, 5]"
